ShrubID,Section,SiteID,Species,StemLength,StemHeight,StemDiam,CanopyCover,Moose,Hare,Ptarmagin,Total,PropMoose,PropHare,PropPtarmagin,BinaryBrowse,DistToRoad,RoadSide,GMU,VegCoverGIS,VegCoverOBS,SoilText,SoilMoist,LastBurn,Elevation,Aspect,Slope,X_Cord,Y_Cord
60-1-A-BENA,1,60-1,BENA,121,,11,3,,2,,23,,0.086956522,,1,1438.56091,West,20F,Low Shrub,Low Shrub-Tussock Tundra,Silt Loam,Mesic,0,110.943649,215,1.507567,-149.840126,65.909691
60-1-B-BENA,1,60-1,BENA,129,,14,0,,4,,32,,0.125,,1,1438.56091,West,20F,Low Shrub,Low Shrub-Tussock Tundra,Silt Loam,Mesic,0,110.943649,215,1.507567,-149.840126,65.909691
60-1-B-SAPU,1,60-1,SAPU,98,,10,10,,1,,41,,0.024390244,,1,1438.56091,West,20F,Low Shrub,Low Shrub-Tussock Tundra,Silt Loam,Mesic,0,110.943649,215,1.507567,-149.840126,65.909691
60-2-A-BENA,1,60-2,BENA,89,,9,0,,,,10,,,,0,1432.670461,West,20F,Low Shrub,Low Shrub,Silt Loam,Mesic,0,110.927505,264,1.953402,-149.84073,65.909949
60-2-C-SAPU,1,60-2,SAPU,76,,8,17,3,,,12,0.25,,,1,1432.670461,West,20F,Low Shrub,Low Shrub,Silt Loam,Mesic,0,110.927505,264,1.953402,-149.84073,65.909949
60-2-D-BENA,1,60-2,BENA,102,,7,0,,,,18,,,,0,1432.670461,West,20F,Low Shrub,Low Shrub,Silt Loam,Mesic,0,110.927505,264,1.953402,-149.84073,65.909949
60-2-D-SAPU,1,60-2,SAPU,84,,16,7,2,1,,26,0.076923077,0.038461538,,1,1432.670461,West,20F,Low Shrub,Low Shrub,Silt Loam,Mesic,0,110.927505,264,1.953402,-149.84073,65.909949
60-3-A-BENA,1,60-3,BENA,83,,8,11,,,,15,,,,0,1403.187226,West,20F,Low Shrub,Black Spruce Woodland,Silt Loam,Mesic,0,111.24585,78,1.323723,-149.840194,65.910114
60-3-A-SAPU,1,60-3,SAPU,139,,17,32,2,2,,54,0.037037037,0.037037037,,1,1403.187226,West,20F,Low Shrub,Black Spruce Woodland,Silt Loam,Mesic,0,111.24585,78,1.323723,-149.840194,65.910114
60-3-B-SAPU,1,60-3,SAPU,81,,8,22,,,,16,,,,0,1403.187226,West,20F,Low Shrub,Black Spruce Woodland,Silt Loam,Mesic,0,111.24585,78,1.323723,-149.840194,65.910114
60-3-D-BENA,1,60-3,BENA,101,,8,0,,,,12,,,,0,1403.187226,West,20F,Low Shrub,Black Spruce Woodland,Silt Loam,Mesic,0,111.24585,78,1.323723,-149.840194,65.910114
60-4-A-BENA,1,60-4,BENA,92,,7,13,,,,13,,,,0,1406.241796,West,20F,Tall Shrub (Open-Closed),Black Spruce Woodland,Silt Loam,Mesic,0,110.670654,252,1.181915,-149.840942,65.910317
60-4-A-SAPU,1,60-4,SAPU,88,,10,8,1,2,,23,0.043478261,0.086956522,,1,1406.241796,West,20F,Tall Shrub (Open-Closed),Black Spruce Woodland,Silt Loam,Mesic,0,110.670654,252,1.181915,-149.840942,65.910317
60-4-B-BENA,1,60-4,BENA,95,,9,0,,2,,9,,0.222222222,,1,1406.241796,West,20F,Tall Shrub (Open-Closed),Black Spruce Woodland,Silt Loam,Mesic,0,110.670654,252,1.181915,-149.840942,65.910317
60-4-D-SAPU,1,60-4,SAPU,103,,15,13,1,4,,35,0.028571429,0.114285714,,1,1406.241796,West,20F,Tall Shrub (Open-Closed),Black Spruce Woodland,Silt Loam,Mesic,0,110.670654,252,1.181915,-149.840942,65.910317
72-1-A-SAPU,2,72-1,SAPU,91,87,15,19,,6,,15,,0.4,,1,895.937772,West,20F,Tussock Tundra (Low shrub or Herbaceous),Black Spruce Woodland,Clay Loam,Mesic,0,130.808105,148,1.606934,-150.14017,66.022623
72-1-C-BENA,2,72-1,BENA,118,71,9,0,,2,,11,,0.181818182,,1,895.937772,West,20F,Tussock Tundra (Low shrub or Herbaceous),Black Spruce Woodland,Clay Loam,Mesic,0,130.808105,148,1.606934,-150.14017,66.022623
72-1-C-SAGL,2,72-1,SAGL,112,103,13,11,1,,,16,0.0625,,,1,895.937772,West,20F,Tussock Tundra (Low shrub or Herbaceous),Black Spruce Woodland,Clay Loam,Mesic,0,130.808105,148,1.606934,-150.14017,66.022623
72-1-D-BENA,2,72-1,BENA,65,41,8,7,,,,4,,,,0,895.937772,West,20F,Tussock Tundra (Low shrub or Herbaceous),Black Spruce Woodland,Clay Loam,Mesic,0,130.808105,148,1.606934,-150.14017,66.022623
72-1-D-SAPU,2,72-1,SAPU,68,54,18,0,,1,,8,,0.125,,1,895.937772,West,20F,Tussock Tundra (Low shrub or Herbaceous),Black Spruce Woodland,Clay Loam,Mesic,0,130.808105,148,1.606934,-150.14017,66.022623
72-2-A-BENA,2,72-2,BENA,121,72,12,21,,,,14,,,,0,855.94066,West,20F,Tussock Tundra (Low shrub or Herbaceous),Black Spruce Woodland,Clay Loam,Mesic,0,131.055786,179,2.125059,-150.13956,66.022889
72-2-A-SAGL,2,72-2,SAGL,129,121,17,0,,,,12,,,,0,855.94066,West,20F,Tussock Tundra (Low shrub or Herbaceous),Black Spruce Woodland,Clay Loam,Mesic,0,131.055786,179,2.125059,-150.13956,66.022889
72-2-B-BENA,2,72-2,BENA,104,67,9,0,,1,,5,,0.2,,1,855.94066,West,20F,Tussock Tundra (Low shrub or Herbaceous),Black Spruce Woodland,Clay Loam,Mesic,0,131.055786,179,2.125059,-150.13956,66.022889
72-2-C-SAPU,2,72-2,SAPU,97,84,22,5,,,,22,,,,0,855.94066,West,20F,Tussock Tundra (Low shrub or Herbaceous),Black Spruce Woodland,Clay Loam,Mesic,0,131.055786,179,2.125059,-150.13956,66.022889
72-2-D-SAPU,2,72-2,SAPU,79,60,21,0,,,,11,,,,0,855.94066,West,20F,Tussock Tundra (Low shrub or Herbaceous),Black Spruce Woodland,Clay Loam,Mesic,0,131.055786,179,2.125059,-150.13956,66.022889
72-3-A-SAGL,2,72-3,SAGL,122,114,14,7,,1,,15,,0.066666667,,1,885.368743,West,20F,Tussock Tundra (Low shrub or Herbaceous),Black Spruce Woodland,Clay Loam,Mesic,0,132.401993,119,2.284806,-150.140609,66.023021
72-3-B-SAPU,2,72-3,SAPU,75,59,20,4,,,,12,,,,0,885.368743,West,20F,Tussock Tundra (Low shrub or Herbaceous),Black Spruce Woodland,Clay Loam,Mesic,0,132.401993,119,2.284806,-150.140609,66.023021
72-3-C-BENA,2,72-3,BENA,65,39,9,0,,,,4,,,,0,885.368743,West,20F,Tussock Tundra (Low shrub or Herbaceous),Black Spruce Woodland,Clay Loam,Mesic,0,132.401993,119,2.284806,-150.140609,66.023021
72-3-D-BENA,2,72-3,BENA,104,47,11,0,,,,9,,,,0,885.368743,West,20F,Tussock Tundra (Low shrub or Herbaceous),Black Spruce Woodland,Clay Loam,Mesic,0,132.401993,119,2.284806,-150.140609,66.023021
72-3-D-SAGL,2,72-3,SAGL,128,109,19,9,,2,,10,,0.2,,1,885.368743,West,20F,Tussock Tundra (Low shrub or Herbaceous),Black Spruce Woodland,Clay Loam,Mesic,0,132.401993,119,2.284806,-150.140609,66.023021
72-4-A-BENA,2,72-4,BENA,97,39,7,0,,,,8,,,,0,844.255779,West,20F,Tussock Tundra (Low shrub or Herbaceous),Low Shrub-Tussock Tundra,Clay Loam,Mesic,0,132.260803,156,1.029158,-150.139994,66.023305
72-4-B-SAPU,2,72-4,SAPU,111,93,14,0,,,,13,,,,0,844.255779,West,20F,Tussock Tundra (Low shrub or Herbaceous),Low Shrub-Tussock Tundra,Clay Loam,Mesic,0,132.260803,156,1.029158,-150.139994,66.023305
72-4-D-BENA,2,72-4,BENA,85,37,8,0,,,,12,,,,0,844.255779,West,20F,Tussock Tundra (Low shrub or Herbaceous),Low Shrub-Tussock Tundra,Clay Loam,Mesic,0,132.260803,156,1.029158,-150.139994,66.023305
72-4-D-SAPU,2,72-4,SAPU,69,57,8,0,,1,,11,,0.090909091,,1,844.255779,West,20F,Tussock Tundra (Low shrub or Herbaceous),Low Shrub-Tussock Tundra,Clay Loam,Mesic,0,132.260803,156,1.029158,-150.139994,66.023305
86-1-A-BENA,3,86-1,BENA,142,,20,0,1,,,87,0.011494253,,,1,1072.088921,West,20F,Tall Shrub (Open-Closed),Tall Shrub,Gravely Sand Loam,Mesic - Xeric,0,572.239319,57,8.372539,-150.2773,66.212913
86-1-A-SABE,3,86-1,SABE,129,,19,19,1,,,52,0.019230769,,,1,1072.088921,West,20F,Tall Shrub (Open-Closed),Tall Shrub,Gravely Sand Loam,Mesic - Xeric,0,572.239319,57,8.372539,-150.2773,66.212913
86-1-B-BENA,3,86-1,BENA,95,,11,0,,,,56,,,,0,1072.088921,West,20F,Tall Shrub (Open-Closed),Tall Shrub,Gravely Sand Loam,Mesic - Xeric,0,572.239319,57,8.372539,-150.2773,66.212913
86-1-D-SABE,3,86-1,SABE,76,,8,0,2,,,10,0.2,,,1,1072.088921,West,20F,Tall Shrub (Open-Closed),Tall Shrub,Gravely Sand Loam,Mesic - Xeric,0,572.239319,57,8.372539,-150.2773,66.212913
86-2-A-BENA,3,86-2,BENA,118,,20,0,,,,82,,,,0,1091.215231,West,20F,Low Shrub,Tall Shrub,Gravely Sand Loam,Mesic - Xeric,0,576.231995,67,9.004415,-150.278061,66.212989
86-2-B-BENA,3,86-2,BENA,94,,18,3,,,,35,,,,0,1091.215231,West,20F,Low Shrub,Tall Shrub,Gravely Sand Loam,Mesic - Xeric,0,576.231995,67,9.004415,-150.278061,66.212989
86-2-C-SABE,3,86-2,SABE,47,,7,22,,,,18,,,,0,1091.215231,West,20F,Low Shrub,Tall Shrub,Gravely Sand Loam,Mesic - Xeric,0,576.231995,67,9.004415,-150.278061,66.212989
86-2-D-SABE,3,86-2,SABE,144,,31,15,,,,91,,,,0,1091.215231,West,20F,Low Shrub,Tall Shrub,Gravely Sand Loam,Mesic - Xeric,0,576.231995,67,9.004415,-150.278061,66.212989
86-3-A-BENA,3,86-3,BENA,105,,18,0,,,,64,,,,0,1057.338847,West,20F,Tall Shrub (Open-Closed),Tall Shrub,Gravely Sand Loam,Mesic - Xeric,0,571.701965,63,9.459789,-150.277761,66.213303
86-3-C-SABE,3,86-3,SABE,122,,15,7,1,,,21,0.047619048,,,1,1057.338847,West,20F,Tall Shrub (Open-Closed),Tall Shrub,Gravely Sand Loam,Mesic - Xeric,0,571.701965,63,9.459789,-150.277761,66.213303
86-3-D-BENA,3,86-3,BENA,167,,18,0,,,,12,,,,0,1057.338847,West,20F,Tall Shrub (Open-Closed),Tall Shrub,Gravely Sand Loam,Mesic - Xeric,0,571.701965,63,9.459789,-150.277761,66.213303
86-3-D-SABE,3,86-3,SABE,120,,16,0,5,,,19,0.263157895,,,1,1057.338847,West,20F,Tall Shrub (Open-Closed),Tall Shrub,Gravely Sand Loam,Mesic - Xeric,0,571.701965,63,9.459789,-150.277761,66.213303
86-4-A-SABE,3,86-4,SABE,104,,19,18,3,,,32,0.09375,,,1,1074.730943,West,20F,Low Shrub,Tall Shrub,Gravely Sand Loam,Mesic - Xeric,0,575.689697,64,9.57597,-150.278532,66.213405
86-4-C-BENA,3,86-4,BENA,133,,26,0,,,,52,,,,0,1074.730943,West,20F,Low Shrub,Tall Shrub,Gravely Sand Loam,Mesic - Xeric,0,575.689697,64,9.57597,-150.278532,66.213405
86-4-D-BENA,3,86-4,BENA,104,,11,0,,,,31,,,,0,1074.730943,West,20F,Low Shrub,Tall Shrub,Gravely Sand Loam,Mesic - Xeric,0,575.689697,64,9.57597,-150.278532,66.213405
86-4-D-SABE,3,86-4,SABE,123,,12,21,3,,,19,0.157894737,,,1,1074.730943,West,20F,Low Shrub,Tall Shrub,Gravely Sand Loam,Mesic - Xeric,0,575.689697,64,9.57597,-150.278532,66.213405
97-1-B-SAPU,4,97-1,SAPU,161,144,25,14,,,4,28,,,0.142857143,1,926.812684,East,24A,Tussock Tundra (Low shrub or Herbaceous),Low Shrub,Gravely Sand Loam,Mesic,2004,556.594971,67,6.396444,-150.432109,66.348765
97-1-C-BENA,4,97-1,BENA,63,29,7,0,,,,3,,,,0,926.812684,East,24A,Tussock Tundra (Low shrub or Herbaceous),Low Shrub,Gravely Sand Loam,Mesic,2004,556.594971,67,6.396444,-150.432109,66.348765
97-1-D-BENA,4,97-1,BENA,121,53,14,0,,,,19,,,,0,926.812684,East,24A,Tussock Tundra (Low shrub or Herbaceous),Low Shrub,Gravely Sand Loam,Mesic,2004,556.594971,67,6.396444,-150.432109,66.348765
97-1-D-SAPU,4,97-1,SAPU,89,76,20,18,,,,25,,,,0,926.812684,East,24A,Tussock Tundra (Low shrub or Herbaceous),Low Shrub,Gravely Sand Loam,Mesic,2004,556.594971,67,6.396444,-150.432109,66.348765
97-2-A-BENA,4,97-2,BENA,102,64,9,0,,,,13,,,,0,888.474156,East,24A,Tussock Tundra (Low shrub or Herbaceous),Low Shrub,Gravely Sand Loam,Mesic,2004,560.389526,70,6.330689,-150.43305,66.348843
97-2-B-BENA,4,97-2,BENA,91,53,13,0,,,,26,,,,0,888.474156,East,24A,Tussock Tundra (Low shrub or Herbaceous),Low Shrub,Gravely Sand Loam,Mesic,2004,560.389526,70,6.330689,-150.43305,66.348843
97-2-B-SAPU,4,97-2,SAPU,189,157,30,52,,,3,57,,,0.052631579,1,888.474156,East,24A,Tussock Tundra (Low shrub or Herbaceous),Low Shrub,Gravely Sand Loam,Mesic,2004,560.389526,70,6.330689,-150.43305,66.348843
97-2-C-SAPU,4,97-2,SAPU,118,101,19,0,,,,29,,,,0,888.474156,East,24A,Tussock Tundra (Low shrub or Herbaceous),Low Shrub,Gravely Sand Loam,Mesic,2004,560.389526,70,6.330689,-150.43305,66.348843
97-3-A-BENA,4,97-3,BENA,91,57,10,0,,,,11,,,,0,924.995234,East,24A,Tussock Tundra (Low shrub or Herbaceous),Tall Shrub,Gravely Sand Loam,Mesic,2004,557.015015,71,7.919354,-150.432427,66.349149
97-3-D-BENA,4,97-3,BENA,75,49,7,21,,,,13,,,,0,924.995234,East,24A,Tussock Tundra (Low shrub or Herbaceous),Tall Shrub,Gravely Sand Loam,Mesic,2004,557.015015,71,7.919354,-150.432427,66.349149
97-3-D-SAPU,4,97-3,SAPU,124,107,24,17,,,,31,,,,0,924.995234,East,24A,Tussock Tundra (Low shrub or Herbaceous),Tall Shrub,Gravely Sand Loam,Mesic,2004,557.015015,71,7.919354,-150.432427,66.349149
97-4-B-BENA,4,97-4,BENA,115,59,12,0,,,,13,,,,0,898.750829,East,24A,Tussock Tundra (Low shrub or Herbaceous),Low Shrub,Gravely Sand Loam,Mesic,2004,558.840271,63,3.962788,-150.433152,66.349294
97-4-D-BENA,4,97-4,BENA,98,54,13,0,,,,12,,,,0,898.750829,East,24A,Tussock Tundra (Low shrub or Herbaceous),Low Shrub,Gravely Sand Loam,Mesic,2004,558.840271,63,3.962788,-150.433152,66.349294
102-1-B-BENA,5,102-1,BENA,81,,11,0,,,2,18,,,0.111111111,1,978.645101,West,24A,Low Shrub,Low Shrub,Sandy Loam,Mesic,2004,428.203827,339,4.033863,-150.565499,66.400721
102-1-C-BENA,5,102-1,BENA,109,,11,0,,,3,37,,,0.081081081,1,978.645101,West,24A,Low Shrub,Low Shrub,Sandy Loam,Mesic,2004,428.203827,339,4.033863,-150.565499,66.400721
102-1-C-SAPU,5,102-1,SAPU,149,,21,0,1,,4,55,0.018181818,,0.072727273,1,978.645101,West,24A,Low Shrub,Low Shrub,Sandy Loam,Mesic,2004,428.203827,339,4.033863,-150.565499,66.400721
102-1-D-SAPU,5,102-1,SAPU,67,,13,0,,,,26,,,,0,978.645101,West,24A,Low Shrub,Low Shrub,Sandy Loam,Mesic,2004,428.203827,339,4.033863,-150.565499,66.400721
102-2-A-SAPU,5,102-2,SAPU,94,,13,0,1,,7,22,0.045454545,,0.318181818,1,973.266715,West,24A,Tall Shrub (Open-Closed),Low Shrub,Sandy Loam,Mesic,2004,426.001434,321,4.435797,-150.566012,66.400957
102-2-B-BENA,5,102-2,BENA,63,,11,0,,,,9,,,,0,973.266715,West,24A,Tall Shrub (Open-Closed),Low Shrub,Sandy Loam,Mesic,2004,426.001434,321,4.435797,-150.566012,66.400957
102-2-C-BENA,5,102-2,BENA,167,,16,0,,,,31,,,,0,973.266715,West,24A,Tall Shrub (Open-Closed),Low Shrub,Sandy Loam,Mesic,2004,426.001434,321,4.435797,-150.566012,66.400957
102-2-C-SAPU,5,102-2,SAPU,91,,21,0,,,5,42,,,0.119047619,1,973.266715,West,24A,Tall Shrub (Open-Closed),Low Shrub,Sandy Loam,Mesic,2004,426.001434,321,4.435797,-150.566012,66.400957
102-3-A-BENA,5,102-3,BENA,118,,7,10,,,,21,,,,0,939.238254,West,24A,Tussock Tundra (Low shrub or Herbaceous),Low Shrub,Sandy Loam,Mesic,2004,424.339783,330,3.896938,-150.565669,66.401242
102-3-A-SAPU,5,102-3,SAPU,138,,23,0,2,,5,32,0.0625,,0.15625,1,939.238254,West,24A,Tussock Tundra (Low shrub or Herbaceous),Low Shrub,Sandy Loam,Mesic,2004,424.339783,330,3.896938,-150.565669,66.401242
102-3-B-BENA,5,102-3,BENA,72,,16,0,,,,12,,,,0,939.238254,West,24A,Tussock Tundra (Low shrub or Herbaceous),Low Shrub,Sandy Loam,Mesic,2004,424.339783,330,3.896938,-150.565669,66.401242
102-3-D-SAPU,5,102-3,SAPU,97,,16,0,,,3,28,,,0.107142857,1,939.238254,West,24A,Tussock Tundra (Low shrub or Herbaceous),Low Shrub,Sandy Loam,Mesic,2004,424.339783,330,3.896938,-150.565669,66.401242
102-4-A-BENA,5,102-4,BENA,88,,11,0,,,,17,,,,0,934.189604,West,24A,Low Shrub,Low Shrub,Sandy Loam,Mesic,2004,423.102509,349,3.666453,-150.566049,66.401434
102-4-A-SAPU,5,102-4,SAPU,98,,17,0,2,,3,26,0.076923077,,0.115384615,1,934.189604,West,24A,Low Shrub,Low Shrub,Sandy Loam,Mesic,2004,423.102509,349,3.666453,-150.566049,66.401434
102-4-C-BENA,5,102-4,BENA,97,,15,5,,,,9,,,,0,934.189604,West,24A,Low Shrub,Low Shrub,Sandy Loam,Mesic,2004,423.102509,349,3.666453,-150.566049,66.401434
102-4-C-SAPU,5,102-4,SAPU,122,,18,0,3,,3,37,0.081081081,,0.081081081,1,934.189604,West,24A,Low Shrub,Low Shrub,Sandy Loam,Mesic,2004,423.102509,349,3.666453,-150.566049,66.401434
111-1-A-BENA,6,111-1,BENA,45,37,7,0,,,,7,,,,0,640.914524,West,24A,Tall Shrub (Open-Closed),Low Shrub,Gravely Sand Loam,Mesic,0,512.854736,12,8.158982,-150.736683,66.498494
111-1-B-BENA,6,111-1,BENA,89,51,9,0,,,,12,,,,0,640.914524,West,24A,Tall Shrub (Open-Closed),Low Shrub,Gravely Sand Loam,Mesic,0,512.854736,12,8.158982,-150.736683,66.498494
111-2-A-BENA,6,111-2,BENA,70,39,11,0,,,,13,,,,0,685.564701,West,24A,Tall Shrub (Open-Closed),Low Shrub,Gravely Sand Loam,Mesic,0,516.430603,8,6.353059,-150.737535,66.498284
111-2-C-SAPU,6,111-2,SAPU,87,78,14,0,,,,21,,,,0,685.564701,West,24A,Tall Shrub (Open-Closed),Low Shrub,Gravely Sand Loam,Mesic,0,516.430603,8,6.353059,-150.737535,66.498284
111-2-D-BENA,6,111-2,BENA,75,31,6,0,,,,7,,,,0,685.564701,West,24A,Tall Shrub (Open-Closed),Low Shrub,Gravely Sand Loam,Mesic,0,516.430603,8,6.353059,-150.737535,66.498284
111-3-A-BENA,6,111-3,BENA,108,46,7,0,,,,11,,,,0,664.632709,West,24A,Tall Shrub (Open-Closed),Low Shrub,Gravely Sand Loam,Mesic,0,511.257965,359,9.703425,-150.737553,66.498636
111-3-D-BENA,6,111-3,BENA,95,38,7,3,,,,16,,,,0,664.632709,West,24A,Tall Shrub (Open-Closed),Low Shrub,Gravely Sand Loam,Mesic,0,511.257965,359,9.703425,-150.737553,66.498636
111-4-A-BENA,6,111-4,BENA,112,61,10,0,,,,19,,,,0,707.594422,West,24A,Tall Shrub (Open-Closed),Low Shrub,Gravely Sand Loam,Mesic,0,515.006653,353,8.170983,-150.73833,66.498407
111-4-C-BENA,6,111-4,BENA,51,30,7,0,,,,13,,,,0,707.594422,West,24A,Tall Shrub (Open-Closed),Low Shrub,Gravely Sand Loam,Mesic,0,515.006653,353,8.170983,-150.73833,66.498407
121-1-C-BENA,7,121-1,BENA,60,36,11,0,,,,11,,,,0,1394.51987,East,24A,Tall Shrub (Open-Closed),Low Shrub,Clay Loam,Mesic,2005,466.470276,61,7.209129,-150.675843,66.599029
121-1-D-BENA,7,121-1,BENA,73,42,19,0,,,,25,,,,0,1394.51987,East,24A,Tall Shrub (Open-Closed),Low Shrub,Clay Loam,Mesic,2005,466.470276,61,7.209129,-150.675843,66.599029
121-2-A-BENA,7,121-2,BENA,78,45,15,0,,,,25,,,,0,1360.369622,East,24A,Low Shrub,Low Shrub,Clay Loam,Mesic,2005,467.582397,57,7.419251,-150.676297,66.599294
121-2-B-BENA,7,121-2,BENA,101,47,16,0,,,,31,,,,0,1360.369622,East,24A,Low Shrub,Low Shrub,Clay Loam,Mesic,2005,467.582397,57,7.419251,-150.676297,66.599294
121-3-C-BENA,7,121-3,BENA,83,36,13,0,,,,12,,,,0,1376.839212,East,24A,Low Shrub,Low Shrub,Clay Loam,Mesic,2005,462.586914,66,7.264894,-150.675497,66.599464
121-3-D-BENA,7,121-3,BENA,88,37,15,0,,,,15,,,,0,1376.839212,East,24A,Low Shrub,Low Shrub,Clay Loam,Mesic,2005,462.586914,66,7.264894,-150.675497,66.599464
121-4-A-BENA,7,121-4,BENA,61,33,21,0,,,,34,,,,0,1343.63337,East,24A,Tall Shrub (Open-Closed),Low Shrub,Clay Loam,Mesic,2005,462.975769,50,6.55981,-150.675949,66.599719
121-4-B-BENA,7,121-4,BENA,58,29,8,0,,,,9,,,,0,1343.63337,East,24A,Tall Shrub (Open-Closed),Low Shrub,Clay Loam,Mesic,2005,462.975769,50,6.55981,-150.675949,66.599719
129-1-A-BENA,8,129-1,BENA,104,71,16,0,,,,11,,,,0,982.902287,East,24A,Tussock Tundra (Low shrub or Herbaceous),Low Shrub,Sandy Loam,Mesic - Hydric,2005,301.875214,348,5.919549,-150.647865,66.709988
129-1-B-BENA,8,129-1,BENA,131,89,21,0,,,,13,,,,0,982.902287,East,24A,Tussock Tundra (Low shrub or Herbaceous),Low Shrub,Sandy Loam,Mesic - Hydric,2005,301.875214,348,5.919549,-150.647865,66.709988
129-2-B-BENA,8,129-2,BENA,85,42,10,0,,,,15,,,,0,1017.146639,East,24A,Tussock Tundra (Low shrub or Herbaceous),Low Shrub,Sandy Loam,Mesic - Hydric,2005,305.151764,352,5.708165,-150.647276,66.70977
129-2-C-BENA,8,129-2,BENA,109,67,13,0,,,,10,,,,0,1017.146639,East,24A,Tussock Tundra (Low shrub or Herbaceous),Low Shrub,Sandy Loam,Mesic - Hydric,2005,305.151764,352,5.708165,-150.647276,66.70977
129-2-C-SAPU,8,129-2,SAPU,111,102,17,16,,,,33,,,,0,1017.146639,East,24A,Tussock Tundra (Low shrub or Herbaceous),Low Shrub,Sandy Loam,Mesic - Hydric,2005,305.151764,352,5.708165,-150.647276,66.70977
129-3-A-BENA,8,129-3,BENA,51,35,12,0,,,,6,,,,0,1022.673056,East,24A,Tussock Tundra (Low shrub or Herbaceous),Low Shrub-Tussock Tundra,Sandy Loam,Mesic - Hydric,2005,301.546051,352,6.265718,-150.646771,66.710061
129-3-B-BENA,8,129-3,BENA,105,47,16,0,,,,13,,,,0,1022.673056,East,24A,Tussock Tundra (Low shrub or Herbaceous),Low Shrub-Tussock Tundra,Sandy Loam,Mesic - Hydric,2005,301.546051,352,6.265718,-150.646771,66.710061
129-4-A-SAPU,8,129-4,SAPU,127,105,25,18,,,,36,,,,0,1057.255538,East,24A,Tussock Tundra (Low shrub or Herbaceous),Tall Shrub,Sandy Loam,Mesic - Hydric,2005,303.823029,358,6.979915,-150.646167,66.709845
129-4-B-SAPU,8,129-4,SAPU,194,177,37,34,,,,72,,,,0,1057.255538,East,24A,Tussock Tundra (Low shrub or Herbaceous),Tall Shrub,Sandy Loam,Mesic - Hydric,2005,303.823029,358,6.979915,-150.646167,66.709845
129-4-C-BENA,8,129-4,BENA,93,53,15,0,,,,11,,,,0,1057.255538,East,24A,Tussock Tundra (Low shrub or Herbaceous),Tall Shrub,Sandy Loam,Mesic - Hydric,2005,303.823029,358,6.979915,-150.646167,66.709845
129-4-D-BENA,8,129-4,BENA,87,41,18,0,,,,9,,,,0,1057.255538,East,24A,Tussock Tundra (Low shrub or Herbaceous),Tall Shrub,Sandy Loam,Mesic - Hydric,2005,303.823029,358,6.979915,-150.646167,66.709845
147-1-A-BENA,9,147-1,BENA,104,58,9,25,1,1,,11,0.090909091,0.090909091,,1,984.758365,West,24A,Low Shrub,Tall Shrub,Clay Loam,Mesic - Hydric,0,426.634277,145,7.907337,-150.485282,66.911769
147-1-A-SAPU,9,147-1,SAPU,191,167,22,11,23,,,73,0.315068493,,,1,984.758365,West,24A,Low Shrub,Tall Shrub,Clay Loam,Mesic - Hydric,0,426.634277,145,7.907337,-150.485282,66.911769
147-1-B-BENA,9,147-1,BENA,103,61,6,31,,,,12,,,,0,984.758365,West,24A,Low Shrub,Tall Shrub,Clay Loam,Mesic - Hydric,0,426.634277,145,7.907337,-150.485282,66.911769
147-1-D-SAPU,9,147-1,SAPU,211,134,21,18,15,,,47,0.319148936,,,1,984.758365,West,24A,Low Shrub,Tall Shrub,Clay Loam,Mesic - Hydric,0,426.634277,145,7.907337,-150.485282,66.911769
147-2-A-BENA,9,147-2,BENA,89,56,6,61,,,,9,,,,0,986.173835,West,24A,Low Shrub,Tall Shrub,Clay Loam,Mesic - Hydric,0,428.943481,147,8.698308,-150.484958,66.912025
147-2-B-SAPU,9,147-2,SAPU,104,97,14,31,5,,,12,0.416666667,,,1,986.173835,West,24A,Low Shrub,Tall Shrub,Clay Loam,Mesic - Hydric,0,428.943481,147,8.698308,-150.484958,66.912025
147-2-C-SAPU,9,147-2,SAPU,124,112,17,11,3,2,,15,0.2,0.133333333,,1,986.173835,West,24A,Low Shrub,Tall Shrub,Clay Loam,Mesic - Hydric,0,428.943481,147,8.698308,-150.484958,66.912025
147-2-D-BENA,9,147-2,BENA,91,53,5,37,,,,5,,,,0,986.173835,West,24A,Low Shrub,Tall Shrub,Clay Loam,Mesic - Hydric,0,428.943481,147,8.698308,-150.484958,66.912025
147-3-A-BENA,9,147-3,BENA,107,63,8,18,1,,,8,0.125,,,1,952.272152,West,24A,White Spruce or Black Spruce (Woodland),Black Spruce Woodland,Clay Loam,Mesic - Hydric,0,425.583191,170,6.572863,-150.484233,66.911912
147-3-B-SAPU,9,147-3,SAPU,167,149,20,7,18,,,58,0.310344828,,,1,952.272152,West,24A,White Spruce or Black Spruce (Woodland),Black Spruce Woodland,Clay Loam,Mesic - Hydric,0,425.583191,170,6.572863,-150.484233,66.911912
147-3-C-BENA,9,147-3,BENA,136,53,12,30,2,1,,29,0.068965517,0.034482759,,1,952.272152,West,24A,White Spruce or Black Spruce (Woodland),Black Spruce Woodland,Clay Loam,Mesic - Hydric,0,425.583191,170,6.572863,-150.484233,66.911912
147-3-C-SAPU,9,147-3,SAPU,128,104,11,14,5,2,,17,0.294117647,0.117647059,,1,952.272152,West,24A,White Spruce or Black Spruce (Woodland),Black Spruce Woodland,Clay Loam,Mesic - Hydric,0,425.583191,170,6.572863,-150.484233,66.911912
147-4-A-BENA,9,147-4,BENA,65,33,9,8,,,,10,,,,0,956.341518,West,24A,Tall Shrub (Open-Closed),Tall Shrub,Clay Loam,Mesic - Hydric,0,428.39856,129,7.52786,-150.483929,66.912191
147-4-A-SAPU,9,147-4,SAPU,124,110,21,14,16,,,47,0.340425532,,,1,956.341518,West,24A,Tall Shrub (Open-Closed),Tall Shrub,Clay Loam,Mesic - Hydric,0,428.39856,129,7.52786,-150.483929,66.912191
147-4-C-SAPU,9,147-4,SAPU,113,101,16,9,5,,,12,0.416666667,,,1,956.341518,West,24A,Tall Shrub (Open-Closed),Tall Shrub,Clay Loam,Mesic - Hydric,0,428.39856,129,7.52786,-150.483929,66.912191
147-4-D-BENA,9,147-4,BENA,94,47,7,14,,,,7,,,,0,956.341518,West,24A,Tall Shrub (Open-Closed),Tall Shrub,Clay Loam,Mesic - Hydric,0,428.39856,129,7.52786,-150.483929,66.912191
151-1-C-BENA,10,151-1,BENA,118,82,11,0,,,,4,,,,0,725.03173,East,24A,White Spruce or Black Spruce (Open-Closed),Low Shrub,Clay Loam,Mesic,0,471.29071,296,22.022722,-150.362735,66.958242
151-1-D-BENA,10,151-1,BENA,90,67,12,0,,,,8,,,,0,725.03173,East,24A,White Spruce or Black Spruce (Open-Closed),Low Shrub,Clay Loam,Mesic,0,471.29071,296,22.022722,-150.362735,66.958242
151-2-A-BENA,10,151-2,BENA,119,71,11,0,,,,4,,,,0,737.726474,East,24A,Low Shrub,Low Shrub,Clay Loam,Mesic,0,482.941345,297,25.566626,-150.361917,66.958285
151-2-B-BENA,10,151-2,BENA,142,91,14,0,,,,17,,,,0,737.726474,East,24A,Low Shrub,Low Shrub,Clay Loam,Mesic,0,482.941345,297,25.566626,-150.361917,66.958285
151-3-A-BENA,10,151-3,BENA,91,52,9,0,,,,6,,,,0,698.113665,East,24A,White Spruce or Black Spruce (Open-Closed),Low Shrub,Clay Loam,Mesic,0,469.98999,301,21.5443,-150.36215,66.958641
151-3-C-BENA,10,151-3,BENA,86,51,13,0,,,,9,,,,0,698.113665,East,24A,White Spruce or Black Spruce (Open-Closed),Low Shrub,Clay Loam,Mesic,0,469.98999,301,21.5443,-150.36215,66.958641
151-4-A-BENA,10,151-4,BENA,65,36,9,0,,,,8,,,,0,714.907956,East,24A,Low Shrub,Low Shrub,Clay Loam,Mesic,0,485.466003,301,24.973797,-150.361301,66.958638
151-4-B-SAPU,10,151-4,SAPU,61,54,9,0,,,,8,,,,0,714.907956,East,24A,Low Shrub,Low Shrub,Clay Loam,Mesic,0,485.466003,301,24.973797,-150.361301,66.958638
151-4-D-BENA,10,151-4,BENA,83,56,8,0,,,,9,,,,0,714.907956,East,24A,Low Shrub,Low Shrub,Clay Loam,Mesic,0,485.466003,301,24.973797,-150.361301,66.958638
158-1-A-SAPU,11,158-1,SAPU,157,139,43,13,,,17,83,,,0.204819277,1,1304.611642,East,24A,Low Shrub,Low Shrub,Sandy Loam,Mesic - Xeric,2005,586.787537,51,13.434302,-150.285356,67.046606
158-1-B-BENA,11,158-1,BENA,75,35,10,0,,,,16,,,,0,1304.611642,East,24A,Low Shrub,Low Shrub,Sandy Loam,Mesic - Xeric,2005,586.787537,51,13.434302,-150.285356,67.046606
158-1-C-SAPU,11,158-1,SAPU,124,107,23,0,,,11,36,,,0.305555556,1,1304.611642,East,24A,Low Shrub,Low Shrub,Sandy Loam,Mesic - Xeric,2005,586.787537,51,13.434302,-150.285356,67.046606
158-1-D-BENA,11,158-1,BENA,103,41,13,0,,,,31,,,,0,1304.611642,East,24A,Low Shrub,Low Shrub,Sandy Loam,Mesic - Xeric,2005,586.787537,51,13.434302,-150.285356,67.046606
158-1-D-SAGL,11,158-1,SAGL,134,119,17,9,,,2,22,,,0.090909091,1,1304.611642,East,24A,Low Shrub,Low Shrub,Sandy Loam,Mesic - Xeric,2005,586.787537,51,13.434302,-150.285356,67.046606
158-2-B-BENA,11,158-2,BENA,139,50,23,0,,,7,53,,,0.132075472,1,1283.38641,East,24A,Tussock Tundra (Low shrub or Herbaceous),Low Shrub,Sandy Loam,Mesic - Xeric,2005,590.000549,54,15.617359,-150.286104,67.046812
158-2-C-BENA,11,158-2,BENA,54,29,8,0,,,,53,,,,0,1283.38641,East,24A,Tussock Tundra (Low shrub or Herbaceous),Low Shrub,Sandy Loam,Mesic - Xeric,2005,590.000549,54,15.617359,-150.286104,67.046812
158-2-C-SAPU,11,158-2,SAPU,121,110,23,13,,,1,67,,,0.014925373,1,1283.38641,East,24A,Tussock Tundra (Low shrub or Herbaceous),Low Shrub,Sandy Loam,Mesic - Xeric,2005,590.000549,54,15.617359,-150.286104,67.046812
158-2-D-SAPU,11,158-2,SAPU,74,58,13,7,,,2,21,,,0.095238095,1,1283.38641,East,24A,Tussock Tundra (Low shrub or Herbaceous),Low Shrub,Sandy Loam,Mesic - Xeric,2005,590.000549,54,15.617359,-150.286104,67.046812
158-3-A-BENA,11,158-3,BENA,100,56,15,0,,,1,32,,,0.03125,1,1313.543229,East,24A,Tussock Tundra (Low shrub or Herbaceous),Low Shrub,Sandy Loam,Mesic - Xeric,2005,580.218689,48,13.61797,-150.285679,67.047111
158-3-A-SAPU,11,158-3,SAPU,91,77,19,0,,,3,37,,,0.081081081,1,1313.543229,East,24A,Tussock Tundra (Low shrub or Herbaceous),Low Shrub,Sandy Loam,Mesic - Xeric,2005,580.218689,48,13.61797,-150.285679,67.047111
158-3-B-SAPU,11,158-3,SAPU,129,118,12,11,,,,15,,,,0,1313.543229,East,24A,Tussock Tundra (Low shrub or Herbaceous),Low Shrub,Sandy Loam,Mesic - Xeric,2005,580.218689,48,13.61797,-150.285679,67.047111
158-3-D-BENA,11,158-3,BENA,119,49,12,0,,,,19,,,,0,1313.543229,East,24A,Tussock Tundra (Low shrub or Herbaceous),Low Shrub,Sandy Loam,Mesic - Xeric,2005,580.218689,48,13.61797,-150.285679,67.047111
158-4-A-BENA,11,158-4,BENA,119,54,13,0,,,,42,,,,0,1283.367604,East,24A,Tussock Tundra (Low shrub or Herbaceous),Low Shrub,Sandy Loam,Mesic - Xeric,2005,587.563538,57,15.053073,-150.286524,67.047197
158-4-C-BENA,11,158-4,BENA,107,46,13,4,,,,33,,,,0,1283.367604,East,24A,Tussock Tundra (Low shrub or Herbaceous),Low Shrub,Sandy Loam,Mesic - Xeric,2005,587.563538,57,15.053073,-150.286524,67.047197
158-4-C-SAPU,11,158-4,SAPU,191,163,27,14,,,4,50,,,0.08,1,1283.367604,East,24A,Tussock Tundra (Low shrub or Herbaceous),Low Shrub,Sandy Loam,Mesic - Xeric,2005,587.563538,57,15.053073,-150.286524,67.047197
173-1-A-BENA,12,173-1,BENA,69,40,12,0,,,,9,,,,0,1301.486525,East,24A,Low Shrub,Low Shrub,Clay Loam,Mesic,0,349.871613,358,2.901099,-150.191497,67.228159
173-1-A-SAPU,12,173-1,SAPU,112,96,14,9,2,,,23,0.086956522,,,1,1301.486525,East,24A,Low Shrub,Low Shrub,Clay Loam,Mesic,0,349.871613,358,2.901099,-150.191497,67.228159
173-1-B-BENA,12,173-1,BENA,101,53,11,0,,,,7,,,,0,1301.486525,East,24A,Low Shrub,Low Shrub,Clay Loam,Mesic,0,349.871613,358,2.901099,-150.191497,67.228159
173-1-B-SAPU,12,173-1,SAPU,118,88,16,17,6,,,14,0.428571429,,,1,1301.486525,East,24A,Low Shrub,Low Shrub,Clay Loam,Mesic,0,349.871613,358,2.901099,-150.191497,67.228159
173-2-A-BENA,12,173-2,BENA,94,43,12,0,,,,6,,,,0,1323.706943,East,24A,Tussock Tundra (Low shrub or Herbaceous),Low Shrub,Clay Loam,Mesic,0,348.371155,13,2.823825,-150.190835,67.228457
173-2-C-BENA,12,173-2,BENA,107,64,12,0,,,,13,,,,0,1323.706943,East,24A,Tussock Tundra (Low shrub or Herbaceous),Low Shrub,Clay Loam,Mesic,0,348.371155,13,2.823825,-150.190835,67.228457
173-2-C-SAPU,12,173-2,SAPU,129,111,17,16,7,,,20,0.35,,,1,1323.706943,East,24A,Tussock Tundra (Low shrub or Herbaceous),Low Shrub,Clay Loam,Mesic,0,348.371155,13,2.823825,-150.190835,67.228457
173-2-D-SAPU,12,173-2,SAPU,89,70,12,0,,,,18,,,,0,1323.706943,East,24A,Tussock Tundra (Low shrub or Herbaceous),Low Shrub,Clay Loam,Mesic,0,348.371155,13,2.823825,-150.190835,67.228457
173-3-A-SAPU,12,173-3,SAPU,59,53,10,0,,,,2,,,,0,1278.311889,East,24A,Low Shrub,Low Shrub,Clay Loam,Mesic,0,347.24527,24,1.739254,-150.191816,67.228627
173-3-B-BENA,12,173-3,BENA,70,51,14,0,,,,9,,,,0,1278.311889,East,24A,Low Shrub,Low Shrub,Clay Loam,Mesic,0,347.24527,24,1.739254,-150.191816,67.228627
173-3-B-SAPU,12,173-3,SAPU,84,81,12,0,1,,,7,0.142857143,,,1,1278.311889,East,24A,Low Shrub,Low Shrub,Clay Loam,Mesic,0,347.24527,24,1.739254,-150.191816,67.228627
173-3-C-BENA,12,173-3,BENA,32,27,6,0,,,,6,,,,0,1278.311889,East,24A,Low Shrub,Low Shrub,Clay Loam,Mesic,0,347.24527,24,1.739254,-150.191816,67.228627
173-4-B-BENA,12,173-4,BENA,124,71,14,0,,,,12,,,,0,1308.377258,East,24A,Low Shrub,Low Shrub,Clay Loam,Mesic,0,346.165253,355,1.872125,-150.190975,67.22891
173-4-B-SAPU,12,173-4,SAPU,149,112,21,11,5,,,30,0.166666667,,,1,1308.377258,East,24A,Low Shrub,Low Shrub,Clay Loam,Mesic,0,346.165253,355,1.872125,-150.190975,67.22891
173-4-C-BENA,12,173-4,BENA,119,74,14,0,,,,14,,,,0,1308.377258,East,24A,Low Shrub,Low Shrub,Clay Loam,Mesic,0,346.165253,355,1.872125,-150.190975,67.22891
173-4-C-SAPU,12,173-4,SAPU,167,122,27,13,9,,,41,0.219512195,,,1,1308.377258,East,24A,Low Shrub,Low Shrub,Clay Loam,Mesic,0,346.165253,355,1.872125,-150.190975,67.22891
184-1-A-SAPU,13,184-1,SAPU,133,112,18,3,6,,,22,0.272727273,,,1,692.283244,East,24A,White Spruce or Black Spruce (Open-Closed),Tall Shrub,Clay Loam,Mesic,0,423.977753,249,10.469168,-150.109686,67.368938
184-1-B-BENA,13,184-1,BENA,128,51,19,0,,1,,13,,0.076923077,,1,692.283244,East,24A,White Spruce or Black Spruce (Open-Closed),Tall Shrub,Clay Loam,Mesic,0,423.977753,249,10.469168,-150.109686,67.368938
184-1-C-BENA,13,184-1,BENA,166,49,15,8,1,2,,26,0.038461538,0.076923077,,1,692.283244,East,24A,White Spruce or Black Spruce (Open-Closed),Tall Shrub,Clay Loam,Mesic,0,423.977753,249,10.469168,-150.109686,67.368938
184-1-C-SAPU,13,184-1,SAPU,108,91,21,0,8,1,,42,0.19047619,0.023809524,,1,692.283244,East,24A,White Spruce or Black Spruce (Open-Closed),Tall Shrub,Clay Loam,Mesic,0,423.977753,249,10.469168,-150.109686,67.368938
184-2-A-BENA,13,184-2,BENA,89,39,11,0,,1,,12,,0.083333333,,1,706.210196,East,24A,White Spruce or Black Spruce (Open-Closed),Tall Shrub,Clay Loam,Mesic,0,429.192566,258,16.706417,-150.109279,67.369156
184-2-A-SAPU,13,184-2,SAPU,124,118,27,4,7,,,36,0.194444444,,,1,706.210196,East,24A,White Spruce or Black Spruce (Open-Closed),Tall Shrub,Clay Loam,Mesic,0,429.192566,258,16.706417,-150.109279,67.369156
184-2-D-BENA,13,184-2,BENA,84,38,12,10,,,,7,,,,0,706.210196,East,24A,White Spruce or Black Spruce (Open-Closed),Tall Shrub,Clay Loam,Mesic,0,429.192566,258,16.706417,-150.109279,67.369156
184-2-D-SAPU,13,184-2,SAPU,172,139,22,0,6,3,,38,0.157894737,0.078947368,,1,706.210196,East,24A,White Spruce or Black Spruce (Open-Closed),Tall Shrub,Clay Loam,Mesic,0,429.192566,258,16.706417,-150.109279,67.369156
184-3-B-BENA,13,184-3,BENA,71,35,17,0,,2,,17,,0.117647059,,1,683.765397,East,24A,White Spruce or Black Spruce (Open-Closed),Tall Shrub,Clay Loam,Mesic,0,425.482941,261,10.788996,-150.109693,67.36937
184-3-C-SAPU,13,184-3,SAPU,130,116,18,14,1,4,,25,0.04,0.16,,1,683.765397,East,24A,White Spruce or Black Spruce (Open-Closed),Tall Shrub,Clay Loam,Mesic,0,425.482941,261,10.788996,-150.109693,67.36937
184-3-D-BENA,13,184-3,BENA,103,48,17,7,3,1,,31,0.096774194,0.032258065,,1,683.765397,East,24A,White Spruce or Black Spruce (Open-Closed),Tall Shrub,Clay Loam,Mesic,0,425.482941,261,10.788996,-150.109693,67.36937
184-3-D-SAPU,13,184-3,SAPU,66,58,11,0,1,2,,18,0.055555556,0.111111111,,1,683.765397,East,24A,White Spruce or Black Spruce (Open-Closed),Tall Shrub,Clay Loam,Mesic,0,425.482941,261,10.788996,-150.109693,67.36937
184-4-C-SAPU,13,184-4,SAPU,142,131,16,7,1,3,,32,0.03125,0.09375,,1,702.330496,East,24A,White Spruce or Black Spruce (Open-Closed),Tall Shrub,Clay Loam,Mesic,0,431.246765,263,17.707565,-150.109187,67.369491
184-4-D-SAPU,13,184-4,SAPU,139,114,15,19,,,,23,,,,0,702.330496,East,24A,White Spruce or Black Spruce (Open-Closed),Tall Shrub,Clay Loam,Mesic,0,431.246765,263,17.707565,-150.109187,67.369491
191-1-B-SAPU,14,191-1,SAPU,112,103,12,23,2,,,16,0.125,,,1,1595.806211,East,24A,Low Shrub,Low Shrub,Clay Loam,Mesic,0,492.755432,293,2.980974,-149.860617,67.475764
191-1-C-BENA,14,191-1,BENA,105,51,8,16,,,,13,,,,0,1595.806211,East,24A,Low Shrub,Low Shrub,Clay Loam,Mesic,0,492.755432,293,2.980974,-149.860617,67.475764
191-1-C-SAPU,14,191-1,SAPU,163,139,21,0,12,,,37,0.324324324,,,1,1595.806211,East,24A,Low Shrub,Low Shrub,Clay Loam,Mesic,0,492.755432,293,2.980974,-149.860617,67.475764
191-1-D-BENA,14,191-1,BENA,135,61,10,9,,,,18,,,,0,1595.806211,East,24A,Low Shrub,Low Shrub,Clay Loam,Mesic,0,492.755432,293,2.980974,-149.860617,67.475764
191-2-A-BENA,14,191-2,BENA,82,51,10,0,1,,,13,0.076923077,,,1,1628.072852,East,24A,Low Shrub,Low Shrub,Clay Loam,Mesic,0,494.812988,260,1.497492,-149.859771,67.475671
191-2-A-SAPU,14,191-2,SAPU,126,110,15,27,2,,,22,0.090909091,,,1,1628.072852,East,24A,Low Shrub,Low Shrub,Clay Loam,Mesic,0,494.812988,260,1.497492,-149.859771,67.475671
191-2-B-BENA,14,191-2,BENA,92,71,8,0,,,,13,,,,0,1628.072852,East,24A,Low Shrub,Low Shrub,Clay Loam,Mesic,0,494.812988,260,1.497492,-149.859771,67.475671
191-2-B-SAPU,14,191-2,SAPU,107,87,14,11,15,1,,25,0.6,0.04,,1,1628.072852,East,24A,Low Shrub,Low Shrub,Clay Loam,Mesic,0,494.812988,260,1.497492,-149.859771,67.475671
191-3-A-BENA,14,191-3,BENA,102,51,9,0,,1,,9,,0.111111111,,1,1608.343863,East,24A,Low Shrub,Low Shrub,Clay Loam,Mesic,0,494.475037,298,4.15829,-149.859591,67.475979
191-3-A-SAPU,14,191-3,SAPU,109,97,22,14,13,,,31,0.419354839,,,1,1608.343863,East,24A,Low Shrub,Low Shrub,Clay Loam,Mesic,0,494.475037,298,4.15829,-149.859591,67.475979
191-3-B-SAPU,14,191-3,SAPU,107,89,14,21,6,,,14,0.428571429,,,1,1608.343863,East,24A,Low Shrub,Low Shrub,Clay Loam,Mesic,0,494.475037,298,4.15829,-149.859591,67.475979
191-3-D-BENA,14,191-3,BENA,110,71,10,0,,,,16,,,,0,1608.343863,East,24A,Low Shrub,Low Shrub,Clay Loam,Mesic,0,494.475037,298,4.15829,-149.859591,67.475979
191-4-A-BENA,14,191-4,BENA,105,69,11,0,,,,12,,,,0,1634.196324,East,24A,Low Shrub,Low Shrub,Clay Loam,Mesic,0,497.007599,303,3.553675,-149.85875,67.475963
191-4-A-SAPU,14,191-4,SAPU,109,85,19,16,13,,,39,0.333333333,,,1,1634.196324,East,24A,Low Shrub,Low Shrub,Clay Loam,Mesic,0,497.007599,303,3.553675,-149.85875,67.475963
191-4-B-BENA,14,191-4,BENA,77,59,11,0,,1,,12,,0.083333333,,1,1634.196324,East,24A,Low Shrub,Low Shrub,Clay Loam,Mesic,0,497.007599,303,3.553675,-149.85875,67.475963
191-4-D-SAPU,14,191-4,SAPU,114,103,16,7,2,,,34,0.058823529,,,1,1634.196324,East,24A,Low Shrub,Low Shrub,Clay Loam,Mesic,0,497.007599,303,3.553675,-149.85875,67.475963