Section,ShrubID,SiteID,Species,StemLength,StemHeight,StemDiam,CanopyCover,Twigs,Moose,Hare,Ptarmagin,PropMoose,PropHare,PropPtarmagin,Bin_Moose,Bin_Hare,Bin_Ptarmagin,Binary_Browse,MooseFeces,HareFeces ,PtarmaginFeces,DistToRoad,RoadSide,GMU,VegCoverGIS,VegCoverOBS,SoilText,SoilMoist,LastBurn,Elevation,Aspect,Slope,X_Cord,Y_Cord
1,60-1-A-BENA,60-1,BENA,121,,11,3,23,0,2,0,0,0.086956522,0,,Hare,,1,0,1,0,1438.56091,West,20F,Low Shrub,Low Shrub-Tussock Tundra,Silt Loam,Mesic,0,110.943649,215,1.507567,-149.840126,65.909691
1,60-1-B-BENA,60-1,BENA,129,,14,0,32,0,4,0,0,0.125,0,,Hare,,1,0,1,0,1438.56091,West,20F,Low Shrub,Low Shrub-Tussock Tundra,Silt Loam,Mesic,0,110.943649,215,1.507567,-149.840126,65.909691
1,60-1-B-SAPU,60-1,SAPU,98,,10,10,41,0,1,0,0,0.024390244,0,,Hare,,1,0,1,0,1438.56091,West,20F,Low Shrub,Low Shrub-Tussock Tundra,Silt Loam,Mesic,0,110.943649,215,1.507567,-149.840126,65.909691
1,60-2-A-BENA,60-2,BENA,89,,9,0,10,0,0,0,0,0,0,,,,0,0,2,0,1432.670461,West,20F,Low Shrub,Low Shrub,Silt Loam,Mesic,0,110.927505,264,1.953402,-149.84073,65.909949
1,60-2-C-SAPU,60-2,SAPU,76,,8,17,12,3,0,0,0.25,0,0,Moose,,,1,0,2,0,1432.670461,West,20F,Low Shrub,Low Shrub,Silt Loam,Mesic,0,110.927505,264,1.953402,-149.84073,65.909949
1,60-2-D-BENA,60-2,BENA,102,,7,0,18,0,0,0,0,0,0,,,,0,0,2,0,1432.670461,West,20F,Low Shrub,Low Shrub,Silt Loam,Mesic,0,110.927505,264,1.953402,-149.84073,65.909949
1,60-2-D-SAPU,60-2,SAPU,84,,16,7,26,2,1,0,0.076923077,0.038461538,0,Moose,Hare,,1,0,2,0,1432.670461,West,20F,Low Shrub,Low Shrub,Silt Loam,Mesic,0,110.927505,264,1.953402,-149.84073,65.909949
1,60-3-A-BENA,60-3,BENA,83,,8,11,15,0,0,0,0,0,0,,,,0,0,3,0,1403.187226,West,20F,Low Shrub,Black Spruce Woodland,Silt Loam,Mesic,0,111.24585,78,1.323723,-149.840194,65.910114
1,60-3-A-SAPU,60-3,SAPU,139,,17,32,54,2,2,0,0.037037037,0.037037037,0,Moose,Hare,,1,0,3,0,1403.187226,West,20F,Low Shrub,Black Spruce Woodland,Silt Loam,Mesic,0,111.24585,78,1.323723,-149.840194,65.910114
1,60-3-B-SAPU,60-3,SAPU,81,,8,22,16,0,0,0,0,0,0,,,,0,0,3,0,1403.187226,West,20F,Low Shrub,Black Spruce Woodland,Silt Loam,Mesic,0,111.24585,78,1.323723,-149.840194,65.910114
1,60-3-D-BENA,60-3,BENA,101,,8,0,12,0,0,0,0,0,0,,,,0,0,3,0,1403.187226,West,20F,Low Shrub,Black Spruce Woodland,Silt Loam,Mesic,0,111.24585,78,1.323723,-149.840194,65.910114
1,60-4-A-BENA,60-4,BENA,92,,7,13,13,0,0,0,0,0,0,,,,0,0,1,0,1406.241796,West,20F,Tall Shrub (Open-Closed),Black Spruce Woodland,Silt Loam,Mesic,0,110.670654,252,1.181915,-149.840942,65.910317
1,60-4-A-SAPU,60-4,SAPU,88,,10,8,23,1,2,0,0.043478261,0.086956522,0,Moose,Hare,,1,0,1,0,1406.241796,West,20F,Tall Shrub (Open-Closed),Black Spruce Woodland,Silt Loam,Mesic,0,110.670654,252,1.181915,-149.840942,65.910317
1,60-4-B-BENA,60-4,BENA,95,,9,0,9,0,2,0,0,0.222222222,0,,Hare,,1,0,1,0,1406.241796,West,20F,Tall Shrub (Open-Closed),Black Spruce Woodland,Silt Loam,Mesic,0,110.670654,252,1.181915,-149.840942,65.910317
1,60-4-D-SAPU,60-4,SAPU,103,,15,13,35,1,4,0,0.028571429,0.114285714,0,Moose,Hare,,1,0,1,0,1406.241796,West,20F,Tall Shrub (Open-Closed),Black Spruce Woodland,Silt Loam,Mesic,0,110.670654,252,1.181915,-149.840942,65.910317
2,72-1-A-SAPU,72-1,SAPU,91,87,15,19,15,0,6,0,0,0.4,0,,Hare,,1,0,0,0,895.937772,West,20F,Tussock Tundra (Low shrub or Herbaceous),Black Spruce Woodland,Clay Loam,Mesic,0,130.808105,148,1.606934,-150.14017,66.022623
2,72-1-C-BENA,72-1,BENA,118,71,9,0,11,0,2,0,0,0.181818182,0,,Hare,,1,0,0,0,895.937772,West,20F,Tussock Tundra (Low shrub or Herbaceous),Black Spruce Woodland,Clay Loam,Mesic,0,130.808105,148,1.606934,-150.14017,66.022623
2,72-1-C-SAGL,72-1,SAGL,112,103,13,11,16,1,0,0,0.0625,0,0,Moose,,,1,0,0,0,895.937772,West,20F,Tussock Tundra (Low shrub or Herbaceous),Black Spruce Woodland,Clay Loam,Mesic,0,130.808105,148,1.606934,-150.14017,66.022623
2,72-1-D-BENA,72-1,BENA,65,41,8,7,4,0,0,0,0,0,0,,,,0,0,0,0,895.937772,West,20F,Tussock Tundra (Low shrub or Herbaceous),Black Spruce Woodland,Clay Loam,Mesic,0,130.808105,148,1.606934,-150.14017,66.022623
2,72-1-D-SAPU,72-1,SAPU,68,54,18,0,8,0,1,0,0,0.125,0,,Hare,,1,0,0,0,895.937772,West,20F,Tussock Tundra (Low shrub or Herbaceous),Black Spruce Woodland,Clay Loam,Mesic,0,130.808105,148,1.606934,-150.14017,66.022623
2,72-2-A-BENA,72-2,BENA,121,72,12,21,14,0,0,0,0,0,0,,,,0,0,0,0,855.94066,West,20F,Tussock Tundra (Low shrub or Herbaceous),Black Spruce Woodland,Clay Loam,Mesic,0,131.055786,179,2.125059,-150.13956,66.022889
2,72-2-A-SAGL,72-2,SAGL,129,121,17,0,12,0,0,0,0,0,0,,,,0,0,0,0,855.94066,West,20F,Tussock Tundra (Low shrub or Herbaceous),Black Spruce Woodland,Clay Loam,Mesic,0,131.055786,179,2.125059,-150.13956,66.022889
2,72-2-B-BENA,72-2,BENA,104,67,9,0,5,0,1,0,0,0.2,0,,Hare,,1,0,0,0,855.94066,West,20F,Tussock Tundra (Low shrub or Herbaceous),Black Spruce Woodland,Clay Loam,Mesic,0,131.055786,179,2.125059,-150.13956,66.022889
2,72-2-C-SAPU,72-2,SAPU,97,84,22,5,22,0,0,0,0,0,0,,,,0,0,0,0,855.94066,West,20F,Tussock Tundra (Low shrub or Herbaceous),Black Spruce Woodland,Clay Loam,Mesic,0,131.055786,179,2.125059,-150.13956,66.022889
2,72-2-D-SAPU,72-2,SAPU,79,60,21,0,11,0,0,0,0,0,0,,,,0,0,0,0,855.94066,West,20F,Tussock Tundra (Low shrub or Herbaceous),Black Spruce Woodland,Clay Loam,Mesic,0,131.055786,179,2.125059,-150.13956,66.022889
2,72-3-A-SAGL,72-3,SAGL,122,114,14,7,15,0,1,0,0,0.066666667,0,,Hare,,1,0,1,0,885.368743,West,20F,Tussock Tundra (Low shrub or Herbaceous),Black Spruce Woodland,Clay Loam,Mesic,0,132.401993,119,2.284806,-150.140609,66.023021
2,72-3-B-SAPU,72-3,SAPU,75,59,20,4,12,0,0,0,0,0,0,,,,0,0,1,0,885.368743,West,20F,Tussock Tundra (Low shrub or Herbaceous),Black Spruce Woodland,Clay Loam,Mesic,0,132.401993,119,2.284806,-150.140609,66.023021
2,72-3-C-BENA,72-3,BENA,65,39,9,0,4,0,0,0,0,0,0,,,,0,0,1,0,885.368743,West,20F,Tussock Tundra (Low shrub or Herbaceous),Black Spruce Woodland,Clay Loam,Mesic,0,132.401993,119,2.284806,-150.140609,66.023021
2,72-3-D-BENA,72-3,BENA,104,47,11,0,9,0,0,0,0,0,0,,,,0,0,1,0,885.368743,West,20F,Tussock Tundra (Low shrub or Herbaceous),Black Spruce Woodland,Clay Loam,Mesic,0,132.401993,119,2.284806,-150.140609,66.023021
2,72-3-D-SAGL,72-3,SAGL,128,109,19,9,10,0,2,0,0,0.2,0,,Hare,,1,0,1,0,885.368743,West,20F,Tussock Tundra (Low shrub or Herbaceous),Black Spruce Woodland,Clay Loam,Mesic,0,132.401993,119,2.284806,-150.140609,66.023021
2,72-4-A-BENA,72-4,BENA,97,39,7,0,8,0,0,0,0,0,0,,,,0,0,0,0,844.255779,West,20F,Tussock Tundra (Low shrub or Herbaceous),Low Shrub-Tussock Tundra,Clay Loam,Mesic,0,132.260803,156,1.029158,-150.139994,66.023305
2,72-4-B-SAPU,72-4,SAPU,111,93,14,0,13,0,0,0,0,0,0,,,,0,0,0,0,844.255779,West,20F,Tussock Tundra (Low shrub or Herbaceous),Low Shrub-Tussock Tundra,Clay Loam,Mesic,0,132.260803,156,1.029158,-150.139994,66.023305
2,72-4-D-BENA,72-4,BENA,85,37,8,0,12,0,0,0,0,0,0,,,,0,0,0,0,844.255779,West,20F,Tussock Tundra (Low shrub or Herbaceous),Low Shrub-Tussock Tundra,Clay Loam,Mesic,0,132.260803,156,1.029158,-150.139994,66.023305
2,72-4-D-SAPU,72-4,SAPU,69,57,8,0,11,0,1,0,0,0.090909091,0,,Hare,,1,0,0,0,844.255779,West,20F,Tussock Tundra (Low shrub or Herbaceous),Low Shrub-Tussock Tundra,Clay Loam,Mesic,0,132.260803,156,1.029158,-150.139994,66.023305
3,86-1-A-BENA,86-1,BENA,142,,20,0,87,1,0,0,0.011494253,0,0,Moose,,,1,1,0,0,1072.088921,West,20F,Tall Shrub (Open-Closed),Tall Shrub,Gravely Sand Loam,Mesic - Xeric,0,572.239319,57,8.372539,-150.2773,66.212913
3,86-1-A-SABE,86-1,SABE,129,,19,19,52,1,0,0,0.019230769,0,0,Moose,,,1,1,0,0,1072.088921,West,20F,Tall Shrub (Open-Closed),Tall Shrub,Gravely Sand Loam,Mesic - Xeric,0,572.239319,57,8.372539,-150.2773,66.212913
3,86-1-B-BENA,86-1,BENA,95,,11,0,56,0,0,0,0,0,0,,,,0,1,0,0,1072.088921,West,20F,Tall Shrub (Open-Closed),Tall Shrub,Gravely Sand Loam,Mesic - Xeric,0,572.239319,57,8.372539,-150.2773,66.212913
3,86-1-D-SABE,86-1,SABE,76,,8,0,10,2,0,0,0.2,0,0,Moose,,,1,1,0,0,1072.088921,West,20F,Tall Shrub (Open-Closed),Tall Shrub,Gravely Sand Loam,Mesic - Xeric,0,572.239319,57,8.372539,-150.2773,66.212913
3,86-2-A-BENA,86-2,BENA,118,,20,0,82,0,0,0,0,0,0,,,,0,0,0,0,1091.215231,West,20F,Low Shrub,Tall Shrub,Gravely Sand Loam,Mesic - Xeric,0,576.231995,67,9.004415,-150.278061,66.212989
3,86-2-B-BENA,86-2,BENA,94,,18,3,35,0,0,0,0,0,0,,,,0,0,0,0,1091.215231,West,20F,Low Shrub,Tall Shrub,Gravely Sand Loam,Mesic - Xeric,0,576.231995,67,9.004415,-150.278061,66.212989
3,86-2-C-SABE,86-2,SABE,47,,7,22,18,0,0,0,0,0,0,,,,0,0,0,0,1091.215231,West,20F,Low Shrub,Tall Shrub,Gravely Sand Loam,Mesic - Xeric,0,576.231995,67,9.004415,-150.278061,66.212989
3,86-2-D-SABE,86-2,SABE,144,,31,15,91,0,0,0,0,0,0,,,,0,0,0,0,1091.215231,West,20F,Low Shrub,Tall Shrub,Gravely Sand Loam,Mesic - Xeric,0,576.231995,67,9.004415,-150.278061,66.212989
3,86-3-A-BENA,86-3,BENA,105,,18,0,64,0,0,0,0,0,0,,,,0,0,0,1,1057.338847,West,20F,Tall Shrub (Open-Closed),Tall Shrub,Gravely Sand Loam,Mesic - Xeric,0,571.701965,63,9.459789,-150.277761,66.213303
3,86-3-C-SABE,86-3,SABE,122,,15,7,21,1,0,0,0.047619048,0,0,Moose,,,1,0,0,1,1057.338847,West,20F,Tall Shrub (Open-Closed),Tall Shrub,Gravely Sand Loam,Mesic - Xeric,0,571.701965,63,9.459789,-150.277761,66.213303
3,86-3-D-BENA,86-3,BENA,167,,18,0,12,0,0,0,0,0,0,,,,0,0,0,1,1057.338847,West,20F,Tall Shrub (Open-Closed),Tall Shrub,Gravely Sand Loam,Mesic - Xeric,0,571.701965,63,9.459789,-150.277761,66.213303
3,86-3-D-SABE,86-3,SABE,120,,16,0,19,5,0,0,0.263157895,0,0,Moose,,,1,0,0,1,1057.338847,West,20F,Tall Shrub (Open-Closed),Tall Shrub,Gravely Sand Loam,Mesic - Xeric,0,571.701965,63,9.459789,-150.277761,66.213303
3,86-4-A-SABE,86-4,SABE,104,,19,18,32,3,0,0,0.09375,0,0,Moose,,,1,2,0,0,1074.730943,West,20F,Low Shrub,Tall Shrub,Gravely Sand Loam,Mesic - Xeric,0,575.689697,64,9.57597,-150.278532,66.213405
3,86-4-C-BENA,86-4,BENA,133,,26,0,52,0,0,0,0,0,0,,,,0,2,0,0,1074.730943,West,20F,Low Shrub,Tall Shrub,Gravely Sand Loam,Mesic - Xeric,0,575.689697,64,9.57597,-150.278532,66.213405
3,86-4-D-BENA,86-4,BENA,104,,11,0,31,0,0,0,0,0,0,,,,0,2,0,0,1074.730943,West,20F,Low Shrub,Tall Shrub,Gravely Sand Loam,Mesic - Xeric,0,575.689697,64,9.57597,-150.278532,66.213405
3,86-4-D-SABE,86-4,SABE,123,,12,21,19,3,0,0,0.157894737,0,0,Moose,,,1,2,0,0,1074.730943,West,20F,Low Shrub,Tall Shrub,Gravely Sand Loam,Mesic - Xeric,0,575.689697,64,9.57597,-150.278532,66.213405
4,97-1-B-SAPU,97-1,SAPU,161,144,25,14,28,0,0,4,0,0,0.142857143,,,Ptarmagin,1,0,0,0,926.812684,East,24A,Tussock Tundra (Low shrub or Herbaceous),Low Shrub,Gravely Sand Loam,Mesic,2004,556.594971,67,6.396444,-150.432109,66.348765
4,97-1-C-BENA,97-1,BENA,63,29,7,0,3,0,0,0,0,0,0,,,,0,0,0,0,926.812684,East,24A,Tussock Tundra (Low shrub or Herbaceous),Low Shrub,Gravely Sand Loam,Mesic,2004,556.594971,67,6.396444,-150.432109,66.348765
4,97-1-D-BENA,97-1,BENA,121,53,14,0,19,0,0,0,0,0,0,,,,0,0,0,0,926.812684,East,24A,Tussock Tundra (Low shrub or Herbaceous),Low Shrub,Gravely Sand Loam,Mesic,2004,556.594971,67,6.396444,-150.432109,66.348765
4,97-1-D-SAPU,97-1,SAPU,89,76,20,18,25,0,0,0,0,0,0,,,,0,0,0,0,926.812684,East,24A,Tussock Tundra (Low shrub or Herbaceous),Low Shrub,Gravely Sand Loam,Mesic,2004,556.594971,67,6.396444,-150.432109,66.348765
4,97-2-A-BENA,97-2,BENA,102,64,9,0,13,0,0,0,0,0,0,,,,0,0,0,0,888.474156,East,24A,Tussock Tundra (Low shrub or Herbaceous),Low Shrub,Gravely Sand Loam,Mesic,2004,560.389526,70,6.330689,-150.43305,66.348843
4,97-2-B-BENA,97-2,BENA,91,53,13,0,26,0,0,0,0,0,0,,,,0,0,0,0,888.474156,East,24A,Tussock Tundra (Low shrub or Herbaceous),Low Shrub,Gravely Sand Loam,Mesic,2004,560.389526,70,6.330689,-150.43305,66.348843
4,97-2-B-SAPU,97-2,SAPU,189,157,30,52,57,0,0,3,0,0,0.052631579,,,Ptarmagin,1,0,0,0,888.474156,East,24A,Tussock Tundra (Low shrub or Herbaceous),Low Shrub,Gravely Sand Loam,Mesic,2004,560.389526,70,6.330689,-150.43305,66.348843
4,97-2-C-SAPU,97-2,SAPU,118,101,19,0,29,0,0,0,0,0,0,,,,0,0,0,0,888.474156,East,24A,Tussock Tundra (Low shrub or Herbaceous),Low Shrub,Gravely Sand Loam,Mesic,2004,560.389526,70,6.330689,-150.43305,66.348843
4,97-3-A-BENA,97-3,BENA,91,57,10,0,11,0,0,0,0,0,0,,,,0,0,0,0,924.995234,East,24A,Tussock Tundra (Low shrub or Herbaceous),Tall Shrub,Gravely Sand Loam,Mesic,2004,557.015015,71,7.919354,-150.432427,66.349149
4,97-3-D-BENA,97-3,BENA,75,49,7,21,13,0,0,0,0,0,0,,,,0,0,0,0,924.995234,East,24A,Tussock Tundra (Low shrub or Herbaceous),Tall Shrub,Gravely Sand Loam,Mesic,2004,557.015015,71,7.919354,-150.432427,66.349149
4,97-3-D-SAPU,97-3,SAPU,124,107,24,17,31,0,0,0,0,0,0,,,,0,0,0,0,924.995234,East,24A,Tussock Tundra (Low shrub or Herbaceous),Tall Shrub,Gravely Sand Loam,Mesic,2004,557.015015,71,7.919354,-150.432427,66.349149
4,97-4-B-BENA,97-4,BENA,115,59,12,0,13,0,0,0,0,0,0,,,,0,0,0,0,898.750829,East,24A,Tussock Tundra (Low shrub or Herbaceous),Low Shrub,Gravely Sand Loam,Mesic,2004,558.840271,63,3.962788,-150.433152,66.349294
4,97-4-D-BENA,97-4,BENA,98,54,13,0,12,0,0,0,0,0,0,,,,0,0,0,0,898.750829,East,24A,Tussock Tundra (Low shrub or Herbaceous),Low Shrub,Gravely Sand Loam,Mesic,2004,558.840271,63,3.962788,-150.433152,66.349294
5,102-1-B-BENA,102-1,BENA,81,,11,0,18,0,0,2,0,0,0.111111111,,,Ptarmagin,1,0,0,0,978.645101,West,24A,Low Shrub,Low Shrub,Sandy Loam,Mesic,2004,428.203827,339,4.033863,-150.565499,66.400721
5,102-1-C-BENA,102-1,BENA,109,,11,0,37,0,0,3,0,0,0.081081081,,,Ptarmagin,1,0,0,0,978.645101,West,24A,Low Shrub,Low Shrub,Sandy Loam,Mesic,2004,428.203827,339,4.033863,-150.565499,66.400721
5,102-1-C-SAPU,102-1,SAPU,149,,21,0,55,1,0,4,0.018181818,0,0.072727273,Moose,,Ptarmagin,1,0,0,0,978.645101,West,24A,Low Shrub,Low Shrub,Sandy Loam,Mesic,2004,428.203827,339,4.033863,-150.565499,66.400721
5,102-1-D-SAPU,102-1,SAPU,67,,13,0,26,0,0,0,0,0,0,,,,0,0,0,0,978.645101,West,24A,Low Shrub,Low Shrub,Sandy Loam,Mesic,2004,428.203827,339,4.033863,-150.565499,66.400721
5,102-2-A-SAPU,102-2,SAPU,94,,13,0,22,1,0,7,0.045454545,0,0.318181818,Moose,,Ptarmagin,1,0,0,1,973.266715,West,24A,Tall Shrub (Open-Closed),Low Shrub,Sandy Loam,Mesic,2004,426.001434,321,4.435797,-150.566012,66.400957
5,102-2-B-BENA,102-2,BENA,63,,11,0,9,0,0,0,0,0,0,,,,0,0,0,1,973.266715,West,24A,Tall Shrub (Open-Closed),Low Shrub,Sandy Loam,Mesic,2004,426.001434,321,4.435797,-150.566012,66.400957
5,102-2-C-BENA,102-2,BENA,167,,16,0,31,0,0,0,0,0,0,,,,0,0,0,1,973.266715,West,24A,Tall Shrub (Open-Closed),Low Shrub,Sandy Loam,Mesic,2004,426.001434,321,4.435797,-150.566012,66.400957
5,102-2-C-SAPU,102-2,SAPU,91,,21,0,42,0,0,5,0,0,0.119047619,,,Ptarmagin,1,0,0,1,973.266715,West,24A,Tall Shrub (Open-Closed),Low Shrub,Sandy Loam,Mesic,2004,426.001434,321,4.435797,-150.566012,66.400957
5,102-3-A-BENA,102-3,BENA,118,,7,10,21,0,0,0,0,0,0,,,,0,0,0,0,939.238254,West,24A,Tussock Tundra (Low shrub or Herbaceous),Low Shrub,Sandy Loam,Mesic,2004,424.339783,330,3.896938,-150.565669,66.401242
5,102-3-A-SAPU,102-3,SAPU,138,,23,0,32,2,0,5,0.0625,0,0.15625,Moose,,Ptarmagin,1,0,0,0,939.238254,West,24A,Tussock Tundra (Low shrub or Herbaceous),Low Shrub,Sandy Loam,Mesic,2004,424.339783,330,3.896938,-150.565669,66.401242
5,102-3-B-BENA,102-3,BENA,72,,16,0,12,0,0,0,0,0,0,,,,0,0,0,0,939.238254,West,24A,Tussock Tundra (Low shrub or Herbaceous),Low Shrub,Sandy Loam,Mesic,2004,424.339783,330,3.896938,-150.565669,66.401242
5,102-3-D-SAPU,102-3,SAPU,97,,16,0,28,0,0,3,0,0,0.107142857,,,Ptarmagin,1,0,0,0,939.238254,West,24A,Tussock Tundra (Low shrub or Herbaceous),Low Shrub,Sandy Loam,Mesic,2004,424.339783,330,3.896938,-150.565669,66.401242
5,102-4-A-BENA,102-4,BENA,88,,11,0,17,0,0,0,0,0,0,,,,0,0,0,0,934.189604,West,24A,Low Shrub,Low Shrub,Sandy Loam,Mesic,2004,423.102509,349,3.666453,-150.566049,66.401434
5,102-4-A-SAPU,102-4,SAPU,98,,17,0,26,2,0,3,0.076923077,0,0.115384615,Moose,,Ptarmagin,1,0,0,0,934.189604,West,24A,Low Shrub,Low Shrub,Sandy Loam,Mesic,2004,423.102509,349,3.666453,-150.566049,66.401434
5,102-4-C-BENA,102-4,BENA,97,,15,5,9,0,0,0,0,0,0,,,,0,0,0,0,934.189604,West,24A,Low Shrub,Low Shrub,Sandy Loam,Mesic,2004,423.102509,349,3.666453,-150.566049,66.401434
5,102-4-C-SAPU,102-4,SAPU,122,,18,0,37,3,0,3,0.081081081,0,0.081081081,Moose,,Ptarmagin,1,0,0,0,934.189604,West,24A,Low Shrub,Low Shrub,Sandy Loam,Mesic,2004,423.102509,349,3.666453,-150.566049,66.401434
6,111-1-A-BENA,111-1,BENA,45,37,7,0,7,0,0,0,0,0,0,,,,0,0,0,0,640.914524,West,24A,Tall Shrub (Open-Closed),Low Shrub,Gravely Sand Loam,Mesic,0,512.854736,12,8.158982,-150.736683,66.498494
6,111-1-B-BENA,111-1,BENA,89,51,9,0,12,0,0,0,0,0,0,,,,0,0,0,0,640.914524,West,24A,Tall Shrub (Open-Closed),Low Shrub,Gravely Sand Loam,Mesic,0,512.854736,12,8.158982,-150.736683,66.498494
6,111-2-A-BENA,111-2,BENA,70,39,11,0,13,0,0,0,0,0,0,,,,0,0,0,0,685.564701,West,24A,Tall Shrub (Open-Closed),Low Shrub,Gravely Sand Loam,Mesic,0,516.430603,8,6.353059,-150.737535,66.498284
6,111-2-C-SAPU,111-2,SAPU,87,78,14,0,21,0,0,0,0,0,0,,,,0,0,0,0,685.564701,West,24A,Tall Shrub (Open-Closed),Low Shrub,Gravely Sand Loam,Mesic,0,516.430603,8,6.353059,-150.737535,66.498284
6,111-2-D-BENA,111-2,BENA,75,31,6,0,7,0,0,0,0,0,0,,,,0,0,0,0,685.564701,West,24A,Tall Shrub (Open-Closed),Low Shrub,Gravely Sand Loam,Mesic,0,516.430603,8,6.353059,-150.737535,66.498284
6,111-3-A-BENA,111-3,BENA,108,46,7,0,11,0,0,0,0,0,0,,,,0,0,0,0,664.632709,West,24A,Tall Shrub (Open-Closed),Low Shrub,Gravely Sand Loam,Mesic,0,511.257965,359,9.703425,-150.737553,66.498636
6,111-3-D-BENA,111-3,BENA,95,38,7,3,16,0,0,0,0,0,0,,,,0,0,0,0,664.632709,West,24A,Tall Shrub (Open-Closed),Low Shrub,Gravely Sand Loam,Mesic,0,511.257965,359,9.703425,-150.737553,66.498636
6,111-4-A-BENA,111-4,BENA,112,61,10,0,19,0,0,0,0,0,0,,,,0,0,0,0,707.594422,West,24A,Tall Shrub (Open-Closed),Low Shrub,Gravely Sand Loam,Mesic,0,515.006653,353,8.170983,-150.73833,66.498407
6,111-4-C-BENA,111-4,BENA,51,30,7,0,13,0,0,0,0,0,0,,,,0,0,0,0,707.594422,West,24A,Tall Shrub (Open-Closed),Low Shrub,Gravely Sand Loam,Mesic,0,515.006653,353,8.170983,-150.73833,66.498407
7,121-1-C-BENA,121-1,BENA,60,36,11,0,11,0,0,0,0,0,0,,,,0,0,0,0,1394.51987,East,24A,Tall Shrub (Open-Closed),Low Shrub,Clay Loam,Mesic,2005,466.470276,61,7.209129,-150.675843,66.599029
7,121-1-D-BENA,121-1,BENA,73,42,19,0,25,0,0,0,0,0,0,,,,0,0,0,0,1394.51987,East,24A,Tall Shrub (Open-Closed),Low Shrub,Clay Loam,Mesic,2005,466.470276,61,7.209129,-150.675843,66.599029
7,121-2-A-BENA,121-2,BENA,78,45,15,0,25,0,0,0,0,0,0,,,,0,0,0,0,1360.369622,East,24A,Low Shrub,Low Shrub,Clay Loam,Mesic,2005,467.582397,57,7.419251,-150.676297,66.599294
7,121-2-B-BENA,121-2,BENA,101,47,16,0,31,0,0,0,0,0,0,,,,0,0,0,0,1360.369622,East,24A,Low Shrub,Low Shrub,Clay Loam,Mesic,2005,467.582397,57,7.419251,-150.676297,66.599294
7,121-3-C-BENA,121-3,BENA,83,36,13,0,12,0,0,0,0,0,0,,,,0,0,0,0,1376.839212,East,24A,Low Shrub,Low Shrub,Clay Loam,Mesic,2005,462.586914,66,7.264894,-150.675497,66.599464
7,121-3-D-BENA,121-3,BENA,88,37,15,0,15,0,0,0,0,0,0,,,,0,0,0,0,1376.839212,East,24A,Low Shrub,Low Shrub,Clay Loam,Mesic,2005,462.586914,66,7.264894,-150.675497,66.599464
7,121-4-A-BENA,121-4,BENA,61,33,21,0,34,0,0,0,0,0,0,,,,0,0,0,0,1343.63337,East,24A,Tall Shrub (Open-Closed),Low Shrub,Clay Loam,Mesic,2005,462.975769,50,6.55981,-150.675949,66.599719
7,121-4-B-BENA,121-4,BENA,58,29,8,0,9,0,0,0,0,0,0,,,,0,0,0,0,1343.63337,East,24A,Tall Shrub (Open-Closed),Low Shrub,Clay Loam,Mesic,2005,462.975769,50,6.55981,-150.675949,66.599719
8,129-1-A-BENA,129-1,BENA,104,71,16,0,11,0,0,0,0,0,0,,,,0,0,0,0,982.902287,East,24A,Tussock Tundra (Low shrub or Herbaceous),Low Shrub,Sandy Loam,Mesic - Hydric,2005,301.875214,348,5.919549,-150.647865,66.709988
8,129-1-B-BENA,129-1,BENA,131,89,21,0,13,0,0,0,0,0,0,,,,0,0,0,0,982.902287,East,24A,Tussock Tundra (Low shrub or Herbaceous),Low Shrub,Sandy Loam,Mesic - Hydric,2005,301.875214,348,5.919549,-150.647865,66.709988
8,129-2-B-BENA,129-2,BENA,85,42,10,0,15,0,0,0,0,0,0,,,,0,0,0,0,1017.146639,East,24A,Tussock Tundra (Low shrub or Herbaceous),Low Shrub,Sandy Loam,Mesic - Hydric,2005,305.151764,352,5.708165,-150.647276,66.70977
8,129-2-C-BENA,129-2,BENA,109,67,13,0,10,0,0,0,0,0,0,,,,0,0,0,0,1017.146639,East,24A,Tussock Tundra (Low shrub or Herbaceous),Low Shrub,Sandy Loam,Mesic - Hydric,2005,305.151764,352,5.708165,-150.647276,66.70977
8,129-2-C-SAPU,129-2,SAPU,111,102,17,16,33,0,0,0,0,0,0,,,,0,0,0,0,1017.146639,East,24A,Tussock Tundra (Low shrub or Herbaceous),Low Shrub,Sandy Loam,Mesic - Hydric,2005,305.151764,352,5.708165,-150.647276,66.70977
8,129-3-A-BENA,129-3,BENA,51,35,12,0,6,0,0,0,0,0,0,,,,0,0,0,0,1022.673056,East,24A,Tussock Tundra (Low shrub or Herbaceous),Low Shrub-Tussock Tundra,Sandy Loam,Mesic - Hydric,2005,301.546051,352,6.265718,-150.646771,66.710061
8,129-3-B-BENA,129-3,BENA,105,47,16,0,13,0,0,0,0,0,0,,,,0,0,0,0,1022.673056,East,24A,Tussock Tundra (Low shrub or Herbaceous),Low Shrub-Tussock Tundra,Sandy Loam,Mesic - Hydric,2005,301.546051,352,6.265718,-150.646771,66.710061
8,129-4-A-SAPU,129-4,SAPU,127,105,25,18,36,0,0,0,0,0,0,,,,0,0,0,0,1057.255538,East,24A,Tussock Tundra (Low shrub or Herbaceous),Tall Shrub,Sandy Loam,Mesic - Hydric,2005,303.823029,358,6.979915,-150.646167,66.709845
8,129-4-B-SAPU,129-4,SAPU,194,177,37,34,72,0,0,0,0,0,0,,,,0,0,0,0,1057.255538,East,24A,Tussock Tundra (Low shrub or Herbaceous),Tall Shrub,Sandy Loam,Mesic - Hydric,2005,303.823029,358,6.979915,-150.646167,66.709845
8,129-4-C-BENA,129-4,BENA,93,53,15,0,11,0,0,0,0,0,0,,,,0,0,0,0,1057.255538,East,24A,Tussock Tundra (Low shrub or Herbaceous),Tall Shrub,Sandy Loam,Mesic - Hydric,2005,303.823029,358,6.979915,-150.646167,66.709845
8,129-4-D-BENA,129-4,BENA,87,41,18,0,9,0,0,0,0,0,0,,,,0,0,0,0,1057.255538,East,24A,Tussock Tundra (Low shrub or Herbaceous),Tall Shrub,Sandy Loam,Mesic - Hydric,2005,303.823029,358,6.979915,-150.646167,66.709845
9,147-1-A-BENA,147-1,BENA,104,58,9,25,11,1,1,0,0.090909091,0.090909091,0,Moose,Hare,,1,1,0,0,984.758365,West,24A,Low Shrub,Tall Shrub,Clay Loam,Mesic - Hydric,0,426.634277,145,7.907337,-150.485282,66.911769
9,147-1-A-SAPU,147-1,SAPU,191,167,22,11,73,23,0,0,0.315068493,0,0,Moose,,,1,1,0,0,984.758365,West,24A,Low Shrub,Tall Shrub,Clay Loam,Mesic - Hydric,0,426.634277,145,7.907337,-150.485282,66.911769
9,147-1-B-BENA,147-1,BENA,103,61,6,31,12,0,0,0,0,0,0,,,,0,1,0,0,984.758365,West,24A,Low Shrub,Tall Shrub,Clay Loam,Mesic - Hydric,0,426.634277,145,7.907337,-150.485282,66.911769
9,147-1-D-SAPU,147-1,SAPU,211,134,21,18,47,15,0,0,0.319148936,0,0,Moose,,,1,1,0,0,984.758365,West,24A,Low Shrub,Tall Shrub,Clay Loam,Mesic - Hydric,0,426.634277,145,7.907337,-150.485282,66.911769
9,147-2-A-BENA,147-2,BENA,89,56,6,61,9,0,0,0,0,0,0,,,,0,2,1,0,986.173835,West,24A,Low Shrub,Tall Shrub,Clay Loam,Mesic - Hydric,0,428.943481,147,8.698308,-150.484958,66.912025
9,147-2-B-SAPU,147-2,SAPU,104,97,14,31,12,5,0,0,0.416666667,0,0,Moose,,,1,2,1,0,986.173835,West,24A,Low Shrub,Tall Shrub,Clay Loam,Mesic - Hydric,0,428.943481,147,8.698308,-150.484958,66.912025
9,147-2-C-SAPU,147-2,SAPU,124,112,17,11,15,3,2,0,0.2,0.133333333,0,Moose,Hare,,1,2,1,0,986.173835,West,24A,Low Shrub,Tall Shrub,Clay Loam,Mesic - Hydric,0,428.943481,147,8.698308,-150.484958,66.912025
9,147-2-D-BENA,147-2,BENA,91,53,5,37,5,0,0,0,0,0,0,,,,0,2,1,0,986.173835,West,24A,Low Shrub,Tall Shrub,Clay Loam,Mesic - Hydric,0,428.943481,147,8.698308,-150.484958,66.912025
9,147-3-A-BENA,147-3,BENA,107,63,8,18,8,1,0,0,0.125,0,0,Moose,,,1,2,1,0,952.272152,West,24A,White Spruce or Black Spruce (Woodland),Black Spruce Woodland,Clay Loam,Mesic - Hydric,0,425.583191,170,6.572863,-150.484233,66.911912
9,147-3-B-SAPU,147-3,SAPU,167,149,20,7,58,18,0,0,0.310344828,0,0,Moose,,,1,2,1,0,952.272152,West,24A,White Spruce or Black Spruce (Woodland),Black Spruce Woodland,Clay Loam,Mesic - Hydric,0,425.583191,170,6.572863,-150.484233,66.911912
9,147-3-C-BENA,147-3,BENA,136,53,12,30,29,2,1,0,0.068965517,0.034482759,0,Moose,Hare,,1,2,1,0,952.272152,West,24A,White Spruce or Black Spruce (Woodland),Black Spruce Woodland,Clay Loam,Mesic - Hydric,0,425.583191,170,6.572863,-150.484233,66.911912
9,147-3-C-SAPU,147-3,SAPU,128,104,11,14,17,5,2,0,0.294117647,0.117647059,0,Moose,Hare,,1,2,1,0,952.272152,West,24A,White Spruce or Black Spruce (Woodland),Black Spruce Woodland,Clay Loam,Mesic - Hydric,0,425.583191,170,6.572863,-150.484233,66.911912
9,147-4-A-BENA,147-4,BENA,65,33,9,8,10,0,0,0,0,0,0,,,,0,0,1,0,956.341518,West,24A,Tall Shrub (Open-Closed),Tall Shrub,Clay Loam,Mesic - Hydric,0,428.39856,129,7.52786,-150.483929,66.912191
9,147-4-A-SAPU,147-4,SAPU,124,110,21,14,47,16,0,0,0.340425532,0,0,Moose,,,1,0,1,0,956.341518,West,24A,Tall Shrub (Open-Closed),Tall Shrub,Clay Loam,Mesic - Hydric,0,428.39856,129,7.52786,-150.483929,66.912191
9,147-4-C-SAPU,147-4,SAPU,113,101,16,9,12,5,0,0,0.416666667,0,0,Moose,,,1,0,1,0,956.341518,West,24A,Tall Shrub (Open-Closed),Tall Shrub,Clay Loam,Mesic - Hydric,0,428.39856,129,7.52786,-150.483929,66.912191
9,147-4-D-BENA,147-4,BENA,94,47,7,14,7,0,0,0,0,0,0,,,,0,0,1,0,956.341518,West,24A,Tall Shrub (Open-Closed),Tall Shrub,Clay Loam,Mesic - Hydric,0,428.39856,129,7.52786,-150.483929,66.912191
10,151-1-C-BENA,151-1,BENA,118,82,11,0,4,0,0,0,0,0,0,,,,0,0,0,0,725.03173,East,24A,White Spruce or Black Spruce (Open-Closed),Low Shrub,Clay Loam,Mesic,0,471.29071,296,22.022722,-150.362735,66.958242
10,151-1-D-BENA,151-1,BENA,90,67,12,0,8,0,0,0,0,0,0,,,,0,0,0,0,725.03173,East,24A,White Spruce or Black Spruce (Open-Closed),Low Shrub,Clay Loam,Mesic,0,471.29071,296,22.022722,-150.362735,66.958242
10,151-2-A-BENA,151-2,BENA,119,71,11,0,4,0,0,0,0,0,0,,,,0,1,0,0,737.726474,East,24A,Low Shrub,Low Shrub,Clay Loam,Mesic,0,482.941345,297,25.566626,-150.361917,66.958285
10,151-2-B-BENA,151-2,BENA,142,91,14,0,17,0,0,0,0,0,0,,,,0,1,0,0,737.726474,East,24A,Low Shrub,Low Shrub,Clay Loam,Mesic,0,482.941345,297,25.566626,-150.361917,66.958285
10,151-3-A-BENA,151-3,BENA,91,52,9,0,6,0,0,0,0,0,0,,,,0,0,0,0,698.113665,East,24A,White Spruce or Black Spruce (Open-Closed),Low Shrub,Clay Loam,Mesic,0,469.98999,301,21.5443,-150.36215,66.958641
10,151-3-C-BENA,151-3,BENA,86,51,13,0,9,0,0,0,0,0,0,,,,0,0,0,0,698.113665,East,24A,White Spruce or Black Spruce (Open-Closed),Low Shrub,Clay Loam,Mesic,0,469.98999,301,21.5443,-150.36215,66.958641
10,151-4-A-BENA,151-4,BENA,65,36,9,0,8,0,0,0,0,0,0,,,,0,0,0,0,714.907956,East,24A,Low Shrub,Low Shrub,Clay Loam,Mesic,0,485.466003,301,24.973797,-150.361301,66.958638
10,151-4-B-SAPU,151-4,SAPU,61,54,9,0,8,0,0,0,0,0,0,,,,0,0,0,0,714.907956,East,24A,Low Shrub,Low Shrub,Clay Loam,Mesic,0,485.466003,301,24.973797,-150.361301,66.958638
10,151-4-D-BENA,151-4,BENA,83,56,8,0,9,0,0,0,0,0,0,,,,0,0,0,0,714.907956,East,24A,Low Shrub,Low Shrub,Clay Loam,Mesic,0,485.466003,301,24.973797,-150.361301,66.958638
11,158-1-A-SAPU,158-1,SAPU,157,139,27,13,83,0,0,17,0,0,0.204819277,,,Ptarmagin,1,0,0,0,1304.611642,East,24A,Low Shrub,Low Shrub,Sandy Loam,Mesic - Xeric,2005,586.787537,51,13.434302,-150.285356,67.046606
11,158-1-B-BENA,158-1,BENA,75,35,10,0,16,0,0,0,0,0,0,,,,0,0,0,0,1304.611642,East,24A,Low Shrub,Low Shrub,Sandy Loam,Mesic - Xeric,2005,586.787537,51,13.434302,-150.285356,67.046606
11,158-1-C-SAPU,158-1,SAPU,124,107,23,0,36,0,0,11,0,0,0.305555556,,,Ptarmagin,1,0,0,0,1304.611642,East,24A,Low Shrub,Low Shrub,Sandy Loam,Mesic - Xeric,2005,586.787537,51,13.434302,-150.285356,67.046606
11,158-1-D-BENA,158-1,BENA,103,41,13,0,31,0,0,0,0,0,0,,,,0,0,0,0,1304.611642,East,24A,Low Shrub,Low Shrub,Sandy Loam,Mesic - Xeric,2005,586.787537,51,13.434302,-150.285356,67.046606
11,158-1-D-SAGL,158-1,SAGL,134,119,17,9,22,0,0,2,0,0,0.090909091,,,Ptarmagin,1,0,0,0,1304.611642,East,24A,Low Shrub,Low Shrub,Sandy Loam,Mesic - Xeric,2005,586.787537,51,13.434302,-150.285356,67.046606
11,158-2-B-BENA,158-2,BENA,139,50,23,0,53,0,0,7,0,0,0.132075472,,,Ptarmagin,1,0,0,1,1283.38641,East,24A,Tussock Tundra (Low shrub or Herbaceous),Low Shrub,Sandy Loam,Mesic - Xeric,2005,590.000549,54,15.617359,-150.286104,67.046812
11,158-2-C-BENA,158-2,BENA,54,29,8,0,53,0,0,0,0,0,0,,,,0,0,0,1,1283.38641,East,24A,Tussock Tundra (Low shrub or Herbaceous),Low Shrub,Sandy Loam,Mesic - Xeric,2005,590.000549,54,15.617359,-150.286104,67.046812
11,158-2-C-SAPU,158-2,SAPU,121,110,23,13,67,0,0,1,0,0,0.014925373,,,Ptarmagin,1,0,0,1,1283.38641,East,24A,Tussock Tundra (Low shrub or Herbaceous),Low Shrub,Sandy Loam,Mesic - Xeric,2005,590.000549,54,15.617359,-150.286104,67.046812
11,158-2-D-SAPU,158-2,SAPU,74,58,13,7,21,0,0,2,0,0,0.095238095,,,Ptarmagin,1,0,0,1,1283.38641,East,24A,Tussock Tundra (Low shrub or Herbaceous),Low Shrub,Sandy Loam,Mesic - Xeric,2005,590.000549,54,15.617359,-150.286104,67.046812
11,158-3-A-BENA,158-3,BENA,100,56,15,0,32,0,0,1,0,0,0.03125,,,Ptarmagin,1,0,0,0,1313.543229,East,24A,Tussock Tundra (Low shrub or Herbaceous),Low Shrub,Sandy Loam,Mesic - Xeric,2005,580.218689,48,13.61797,-150.285679,67.047111
11,158-3-A-SAPU,158-3,SAPU,91,77,19,0,37,0,0,3,0,0,0.081081081,,,Ptarmagin,1,0,0,0,1313.543229,East,24A,Tussock Tundra (Low shrub or Herbaceous),Low Shrub,Sandy Loam,Mesic - Xeric,2005,580.218689,48,13.61797,-150.285679,67.047111
11,158-3-B-SAPU,158-3,SAPU,129,118,12,11,15,0,0,0,0,0,0,,,,0,0,0,0,1313.543229,East,24A,Tussock Tundra (Low shrub or Herbaceous),Low Shrub,Sandy Loam,Mesic - Xeric,2005,580.218689,48,13.61797,-150.285679,67.047111
11,158-3-D-BENA,158-3,BENA,119,49,12,0,19,0,0,0,0,0,0,,,,0,0,0,0,1313.543229,East,24A,Tussock Tundra (Low shrub or Herbaceous),Low Shrub,Sandy Loam,Mesic - Xeric,2005,580.218689,48,13.61797,-150.285679,67.047111
11,158-4-A-BENA,158-4,BENA,119,54,13,0,42,0,0,0,0,0,0,,,,0,0,0,0,1283.367604,East,24A,Tussock Tundra (Low shrub or Herbaceous),Low Shrub,Sandy Loam,Mesic - Xeric,2005,587.563538,57,15.053073,-150.286524,67.047197
11,158-4-C-BENA,158-4,BENA,107,46,13,4,33,0,0,0,0,0,0,,,,0,0,0,0,1283.367604,East,24A,Tussock Tundra (Low shrub or Herbaceous),Low Shrub,Sandy Loam,Mesic - Xeric,2005,587.563538,57,15.053073,-150.286524,67.047197
11,158-4-C-SAPU,158-4,SAPU,191,163,27,14,50,0,0,4,0,0,0.08,,,Ptarmagin,1,0,0,0,1283.367604,East,24A,Tussock Tundra (Low shrub or Herbaceous),Low Shrub,Sandy Loam,Mesic - Xeric,2005,587.563538,57,15.053073,-150.286524,67.047197
12,173-1-A-BENA,173-1,BENA,69,40,12,0,9,0,0,0,0,0,0,,,,0,0,0,0,1301.486525,East,24A,Low Shrub,Low Shrub,Clay Loam,Mesic,0,349.871613,358,2.901099,-150.191497,67.228159
12,173-1-A-SAPU,173-1,SAPU,112,96,14,9,23,2,0,0,0.086956522,0,0,Moose,,,1,0,0,0,1301.486525,East,24A,Low Shrub,Low Shrub,Clay Loam,Mesic,0,349.871613,358,2.901099,-150.191497,67.228159
12,173-1-B-BENA,173-1,BENA,101,53,11,0,7,0,0,0,0,0,0,,,,0,0,0,0,1301.486525,East,24A,Low Shrub,Low Shrub,Clay Loam,Mesic,0,349.871613,358,2.901099,-150.191497,67.228159
12,173-1-B-SAPU,173-1,SAPU,118,88,16,17,14,6,0,0,0.428571429,0,0,Moose,,,1,0,0,0,1301.486525,East,24A,Low Shrub,Low Shrub,Clay Loam,Mesic,0,349.871613,358,2.901099,-150.191497,67.228159
12,173-2-A-BENA,173-2,BENA,94,43,12,0,6,0,0,0,0,0,0,,,,0,2,0,0,1323.706943,East,24A,Tussock Tundra (Low shrub or Herbaceous),Low Shrub,Clay Loam,Mesic,0,348.371155,13,2.823825,-150.190835,67.228457
12,173-2-C-BENA,173-2,BENA,107,64,12,0,13,0,0,0,0,0,0,,,,0,2,0,0,1323.706943,East,24A,Tussock Tundra (Low shrub or Herbaceous),Low Shrub,Clay Loam,Mesic,0,348.371155,13,2.823825,-150.190835,67.228457
12,173-2-C-SAPU,173-2,SAPU,129,111,17,16,20,7,0,0,0.35,0,0,Moose,,,1,2,0,0,1323.706943,East,24A,Tussock Tundra (Low shrub or Herbaceous),Low Shrub,Clay Loam,Mesic,0,348.371155,13,2.823825,-150.190835,67.228457
12,173-2-D-SAPU,173-2,SAPU,89,70,12,0,18,0,0,0,0,0,0,,,,0,2,0,0,1323.706943,East,24A,Tussock Tundra (Low shrub or Herbaceous),Low Shrub,Clay Loam,Mesic,0,348.371155,13,2.823825,-150.190835,67.228457
12,173-3-A-SAPU,173-3,SAPU,59,53,10,0,2,0,0,0,0,0,0,,,,0,0,0,0,1278.311889,East,24A,Low Shrub,Low Shrub,Clay Loam,Mesic,0,347.24527,24,1.739254,-150.191816,67.228627
12,173-3-B-BENA,173-3,BENA,70,51,14,0,9,0,0,0,0,0,0,,,,0,0,0,0,1278.311889,East,24A,Low Shrub,Low Shrub,Clay Loam,Mesic,0,347.24527,24,1.739254,-150.191816,67.228627
12,173-3-B-SAPU,173-3,SAPU,84,81,12,0,7,1,0,0,0.142857143,0,0,Moose,,,1,0,0,0,1278.311889,East,24A,Low Shrub,Low Shrub,Clay Loam,Mesic,0,347.24527,24,1.739254,-150.191816,67.228627
12,173-3-C-BENA,173-3,BENA,32,27,6,0,6,0,0,0,0,0,0,,,,0,0,0,0,1278.311889,East,24A,Low Shrub,Low Shrub,Clay Loam,Mesic,0,347.24527,24,1.739254,-150.191816,67.228627
12,173-4-B-BENA,173-4,BENA,124,71,14,0,12,0,0,0,0,0,0,,,,0,1,0,0,1308.377258,East,24A,Low Shrub,Low Shrub,Clay Loam,Mesic,0,346.165253,355,1.872125,-150.190975,67.22891
12,173-4-B-SAPU,173-4,SAPU,149,112,21,11,30,5,0,0,0.166666667,0,0,Moose,,,1,1,0,0,1308.377258,East,24A,Low Shrub,Low Shrub,Clay Loam,Mesic,0,346.165253,355,1.872125,-150.190975,67.22891
12,173-4-C-BENA,173-4,BENA,119,74,14,0,14,0,0,0,0,0,0,,,,0,1,0,0,1308.377258,East,24A,Low Shrub,Low Shrub,Clay Loam,Mesic,0,346.165253,355,1.872125,-150.190975,67.22891
12,173-4-C-SAPU,173-4,SAPU,167,122,27,13,41,9,0,0,0.219512195,0,0,Moose,,,1,1,0,0,1308.377258,East,24A,Low Shrub,Low Shrub,Clay Loam,Mesic,0,346.165253,355,1.872125,-150.190975,67.22891
13,184-1-A-SAPU,184-1,SAPU,133,112,18,3,22,6,0,0,0.272727273,0,0,Moose,,,1,2,0,0,692.283244,East,24A,White Spruce or Black Spruce (Open-Closed),Tall Shrub,Clay Loam,Mesic,0,423.977753,249,10.469168,-150.109686,67.368938
13,184-1-B-BENA,184-1,BENA,128,51,19,0,13,0,1,0,0,0.076923077,0,,Hare,,1,2,0,0,692.283244,East,24A,White Spruce or Black Spruce (Open-Closed),Tall Shrub,Clay Loam,Mesic,0,423.977753,249,10.469168,-150.109686,67.368938
13,184-1-C-BENA,184-1,BENA,166,49,15,8,26,1,2,0,0.038461538,0.076923077,0,Moose,Hare,,1,2,0,0,692.283244,East,24A,White Spruce or Black Spruce (Open-Closed),Tall Shrub,Clay Loam,Mesic,0,423.977753,249,10.469168,-150.109686,67.368938
13,184-1-C-SAPU,184-1,SAPU,108,91,21,0,42,8,1,0,0.19047619,0.023809524,0,Moose,Hare,,1,2,0,0,692.283244,East,24A,White Spruce or Black Spruce (Open-Closed),Tall Shrub,Clay Loam,Mesic,0,423.977753,249,10.469168,-150.109686,67.368938
13,184-2-A-BENA,184-2,BENA,89,39,11,0,12,0,1,0,0,0.083333333,0,,Hare,,1,1,0,0,706.210196,East,24A,White Spruce or Black Spruce (Open-Closed),Tall Shrub,Clay Loam,Mesic,0,429.192566,258,16.706417,-150.109279,67.369156
13,184-2-A-SAPU,184-2,SAPU,124,118,27,4,36,7,0,0,0.194444444,0,0,Moose,,,1,1,0,0,706.210196,East,24A,White Spruce or Black Spruce (Open-Closed),Tall Shrub,Clay Loam,Mesic,0,429.192566,258,16.706417,-150.109279,67.369156
13,184-2-D-BENA,184-2,BENA,84,38,12,10,7,0,0,0,0,0,0,,,,0,1,0,0,706.210196,East,24A,White Spruce or Black Spruce (Open-Closed),Tall Shrub,Clay Loam,Mesic,0,429.192566,258,16.706417,-150.109279,67.369156
13,184-2-D-SAPU,184-2,SAPU,172,139,22,0,38,6,3,0,0.157894737,0.078947368,0,Moose,Hare,,1,1,0,0,706.210196,East,24A,White Spruce or Black Spruce (Open-Closed),Tall Shrub,Clay Loam,Mesic,0,429.192566,258,16.706417,-150.109279,67.369156
13,184-3-B-BENA,184-3,BENA,71,35,17,0,17,0,2,0,0,0.117647059,0,,Hare,,1,1,3,0,683.765397,East,24A,White Spruce or Black Spruce (Open-Closed),Tall Shrub,Clay Loam,Mesic,0,425.482941,261,10.788996,-150.109693,67.36937
13,184-3-C-SAPU,184-3,SAPU,130,116,18,14,25,1,4,0,0.04,0.16,0,Moose,Hare,,1,1,3,0,683.765397,East,24A,White Spruce or Black Spruce (Open-Closed),Tall Shrub,Clay Loam,Mesic,0,425.482941,261,10.788996,-150.109693,67.36937
13,184-3-D-BENA,184-3,BENA,103,48,17,7,31,3,1,0,0.096774194,0.032258065,0,Moose,Hare,,1,1,3,0,683.765397,East,24A,White Spruce or Black Spruce (Open-Closed),Tall Shrub,Clay Loam,Mesic,0,425.482941,261,10.788996,-150.109693,67.36937
13,184-3-D-SAPU,184-3,SAPU,66,58,11,0,18,1,2,0,0.055555556,0.111111111,0,Moose,Hare,,1,1,3,0,683.765397,East,24A,White Spruce or Black Spruce (Open-Closed),Tall Shrub,Clay Loam,Mesic,0,425.482941,261,10.788996,-150.109693,67.36937
13,184-4-C-SAPU,184-4,SAPU,142,131,16,7,32,1,3,0,0.03125,0.09375,0,Moose,Hare,,1,2,1,0,702.330496,East,24A,White Spruce or Black Spruce (Open-Closed),Tall Shrub,Clay Loam,Mesic,0,431.246765,263,17.707565,-150.109187,67.369491
13,184-4-D-SAPU,184-4,SAPU,139,114,15,19,23,0,0,0,0,0,0,,,,0,2,1,0,702.330496,East,24A,White Spruce or Black Spruce (Open-Closed),Tall Shrub,Clay Loam,Mesic,0,431.246765,263,17.707565,-150.109187,67.369491
14,191-1-B-SAPU,191-1,SAPU,112,103,12,23,16,2,0,0,0.125,0,0,Moose,,,1,1,0,0,1595.806211,East,24A,Low Shrub,Low Shrub,Clay Loam,Mesic,0,492.755432,293,2.980974,-149.860617,67.475764
14,191-1-C-BENA,191-1,BENA,105,51,8,16,13,0,0,0,0,0,0,,,,0,1,0,0,1595.806211,East,24A,Low Shrub,Low Shrub,Clay Loam,Mesic,0,492.755432,293,2.980974,-149.860617,67.475764
14,191-1-C-SAPU,191-1,SAPU,163,139,21,0,37,12,0,0,0.324324324,0,0,Moose,,,1,1,0,0,1595.806211,East,24A,Low Shrub,Low Shrub,Clay Loam,Mesic,0,492.755432,293,2.980974,-149.860617,67.475764
14,191-1-D-BENA,191-1,BENA,135,61,10,9,18,0,0,0,0,0,0,,,,0,1,0,0,1595.806211,East,24A,Low Shrub,Low Shrub,Clay Loam,Mesic,0,492.755432,293,2.980974,-149.860617,67.475764
14,191-2-A-BENA,191-2,BENA,82,51,10,0,13,1,0,0,0.076923077,0,0,Moose,,,1,0,0,0,1628.072852,East,24A,Low Shrub,Low Shrub,Clay Loam,Mesic,0,494.812988,260,1.497492,-149.859771,67.475671
14,191-2-A-SAPU,191-2,SAPU,126,110,15,27,22,2,0,0,0.090909091,0,0,Moose,,,1,0,0,0,1628.072852,East,24A,Low Shrub,Low Shrub,Clay Loam,Mesic,0,494.812988,260,1.497492,-149.859771,67.475671
14,191-2-B-BENA,191-2,BENA,92,71,8,0,13,0,0,0,0,0,0,,,,0,0,0,0,1628.072852,East,24A,Low Shrub,Low Shrub,Clay Loam,Mesic,0,494.812988,260,1.497492,-149.859771,67.475671
14,191-2-B-SAPU,191-2,SAPU,107,87,14,11,25,15,1,0,0.6,0.04,0,Moose,Hare,,1,0,0,0,1628.072852,East,24A,Low Shrub,Low Shrub,Clay Loam,Mesic,0,494.812988,260,1.497492,-149.859771,67.475671
14,191-3-A-BENA,191-3,BENA,102,51,9,0,9,0,1,0,0,0.111111111,0,,Hare,,1,2,0,0,1608.343863,East,24A,Low Shrub,Low Shrub,Clay Loam,Mesic,0,494.475037,298,4.15829,-149.859591,67.475979
14,191-3-A-SAPU,191-3,SAPU,109,97,22,14,31,13,0,0,0.419354839,0,0,Moose,,,1,2,0,0,1608.343863,East,24A,Low Shrub,Low Shrub,Clay Loam,Mesic,0,494.475037,298,4.15829,-149.859591,67.475979
14,191-3-B-SAPU,191-3,SAPU,107,89,14,21,14,6,0,0,0.428571429,0,0,Moose,,,1,2,0,0,1608.343863,East,24A,Low Shrub,Low Shrub,Clay Loam,Mesic,0,494.475037,298,4.15829,-149.859591,67.475979
14,191-3-D-BENA,191-3,BENA,110,71,10,0,16,0,0,0,0,0,0,,,,0,2,0,0,1608.343863,East,24A,Low Shrub,Low Shrub,Clay Loam,Mesic,0,494.475037,298,4.15829,-149.859591,67.475979
14,191-4-A-BENA,191-4,BENA,105,69,11,0,12,0,0,0,0,0,0,,,,0,1,0,0,1634.196324,East,24A,Low Shrub,Low Shrub,Clay Loam,Mesic,0,497.007599,303,3.553675,-149.85875,67.475963
14,191-4-A-SAPU,191-4,SAPU,109,85,19,16,39,13,0,0,0.333333333,0,0,Moose,,,1,1,0,0,1634.196324,East,24A,Low Shrub,Low Shrub,Clay Loam,Mesic,0,497.007599,303,3.553675,-149.85875,67.475963
14,191-4-B-BENA,191-4,BENA,77,59,11,0,12,0,1,0,0,0.083333333,0,,Hare,,1,1,0,0,1634.196324,East,24A,Low Shrub,Low Shrub,Clay Loam,Mesic,0,497.007599,303,3.553675,-149.85875,67.475963
14,191-4-D-SAPU,191-4,SAPU,114,103,16,7,34,2,0,0,0.058823529,0,0,Moose,,,1,1,0,0,1634.196324,East,24A,Low Shrub,Low Shrub,Clay Loam,Mesic,0,497.007599,303,3.553675,-149.85875,67.475963
15,203-1-A-BENA,203-1,BENA,97,41,11,0,17,1,0,0,0.058823529,0,0,Moose,,,1,1,0,0,905.036767,East,24A,Low Shrub,Low Shrub,Loam,Mesic,0,550.644958,299,23.927214,-149.794431,67.571449
15,203-1-C-SAPU,203-1,SAPU,102,74,13,0,16,1,1,0,0.0625,0.0625,0,Moose,Hare,,1,1,0,0,905.036767,East,24A,Low Shrub,Low Shrub,Loam,Mesic,0,550.644958,299,23.927214,-149.794431,67.571449
15,203-1-D-BENA,203-1,BENA,143,46,14,0,26,2,0,0,0.076923077,0,0,Moose,,,1,1,0,0,905.036767,East,24A,Low Shrub,Low Shrub,Loam,Mesic,0,550.644958,299,23.927214,-149.794431,67.571449
15,203-1-D-SAPU,203-1,SAPU,121,103,12,14,16,0,0,0,0,0,0,,,,0,1,0,0,905.036767,East,24A,Low Shrub,Low Shrub,Loam,Mesic,0,550.644958,299,23.927214,-149.794431,67.571449
15,203-2-A-SAPU,203-2,SAPU,122,97,14,32,16,1,0,0,0.0625,0,0,Moose,,,1,0,1,0,933.944119,East,24A,Low Shrub,Low Shrub,Loam,Mesic,0,566.911377,300,26.508135,-149.793674,67.571447
15,203-2-B-BENA,203-2,BENA,146,44,15,0,20,0,0,0,0,0,0,,,,0,0,1,0,933.944119,East,24A,Low Shrub,Low Shrub,Loam,Mesic,0,566.911377,300,26.508135,-149.793674,67.571447
15,203-2-B-SAPU,203-2,SAPU,129,107,22,18,35,2,0,0,0.057142857,0,0,Moose,,,1,0,1,0,933.944119,East,24A,Low Shrub,Low Shrub,Loam,Mesic,0,566.911377,300,26.508135,-149.793674,67.571447
15,203-2-C-BENA,203-2,BENA,118,35,14,0,38,0,0,0,0,0,0,,,,0,0,1,0,933.944119,East,24A,Low Shrub,Low Shrub,Loam,Mesic,0,566.911377,300,26.508135,-149.793674,67.571447
15,203-3-B-BENA,203-3,BENA,108,53,11,7,21,0,0,0,0,0,0,,,,0,0,1,0,922.335664,East,24A,Low Shrub,Low Shrub,Loam,Mesic,0,556.241272,305,23.609533,-149.79364,67.571701
15,203-3-B-SAPU,203-3,SAPU,63,60,8,18,11,1,0,0,0.090909091,0,0,Moose,,,1,0,1,0,922.335664,East,24A,Low Shrub,Low Shrub,Loam,Mesic,0,556.241272,305,23.609533,-149.79364,67.571701
15,203-3-D-BENA,203-3,BENA,108,52,11,0,7,1,0,0,0.14,0,0,Moose,,,1,0,1,0,922.335664,East,24A,Low Shrub,Low Shrub,Loam,Mesic,0,556.241272,305,23.609533,-149.79364,67.571701
15,203-3-D-SAPU,203-3,SAPU,117,104,18,17,39,2,3,0,0.051282051,0.076923077,0,Moose,Hare,,1,0,1,0,922.335664,East,24A,Low Shrub,Low Shrub,Loam,Mesic,0,556.241272,305,23.609533,-149.79364,67.571701
15,203-4-A-BENA,203-4,BENA,85,42,10,0,10,0,0,0,0,0,0,,,,0,1,1,0,951.384807,East,24A,Low Shrub,Low Shrub,Loam,Mesic,0,569.135193,316,29.227108,-149.792864,67.571712
15,203-4-B-BENA,203-4,BENA,99,36,12,0,12,0,0,0,0,0,0,,,,0,1,1,0,951.384807,East,24A,Low Shrub,Low Shrub,Loam,Mesic,0,569.135193,316,29.227108,-149.792864,67.571712
15,203-4-B-SAPU,203-4,SAPU,76,69,15,0,18,3,0,0,0.166666667,0,0,Moose,,,1,1,1,0,951.384807,East,24A,Low Shrub,Low Shrub,Loam,Mesic,0,569.135193,316,29.227108,-149.792864,67.571712
15,203-4-C-SAPU,203-4,SAPU,75,68,9,10,9,1,0,0,0.111111111,0,0,Moose,,,1,1,1,0,951.384807,East,24A,Low Shrub,Low Shrub,Loam,Mesic,0,569.135193,316,29.227108,-149.792864,67.571712
16,209-1-C-BENA,209-1,BENA,58,59,14,0,9,0,0,0,0,0,0,,,,0,0,1,0,698.873831,East,24A,Low Shrub,Black Spruce Woodland,Sandy Loam,Mesic - Xeric,0,553.345276,287,19.679848,-149.692986,67.655886
16,209-1-C-SAPU,209-1,SAPU,64,53,15,0,11,0,0,0,0,0,0,,,,0,0,1,0,698.873831,East,24A,Low Shrub,Black Spruce Woodland,Sandy Loam,Mesic - Xeric,0,553.345276,287,19.679848,-149.692986,67.655886
16,209-1-D-BENA,209-1,BENA,76,39,10,0,6,0,0,0,0,0,0,,,,0,0,1,0,698.873831,East,24A,Low Shrub,Black Spruce Woodland,Sandy Loam,Mesic - Xeric,0,553.345276,287,19.679848,-149.692986,67.655886
16,209-1-D-SAPU,209-1,SAPU,53,47,13,0,9,1,0,0,0.111111111,0,0,Moose,,,1,0,1,0,698.873831,East,24A,Low Shrub,Black Spruce Woodland,Sandy Loam,Mesic - Xeric,0,553.345276,287,19.679848,-149.692986,67.655886
16,209-2-A-SAPU,209-2,SAPU,55,46,9,0,10,0,0,0,0,0,0,,,,0,0,0,0,728.528855,East,24A,Low Shrub,Black Spruce Woodland,Sandy Loam,Mesic - Xeric,0,561.911133,287,21.070175,-149.692261,67.656
16,209-2-B-BENA,209-2,BENA,104,57,18,0,18,0,0,0,0,0,0,,,,0,0,0,0,728.528855,East,24A,Low Shrub,Black Spruce Woodland,Sandy Loam,Mesic - Xeric,0,561.911133,287,21.070175,-149.692261,67.656
16,209-2-D-BENA,209-2,BENA,86,47,10,0,6,0,0,0,0,0,0,,,,0,0,0,0,728.528855,East,24A,Low Shrub,Black Spruce Woodland,Sandy Loam,Mesic - Xeric,0,561.911133,287,21.070175,-149.692261,67.656
16,209-2-D-SAPU,209-2,SAPU,53,41,8,0,11,0,0,0,0,0,0,,,,0,0,0,0,728.528855,East,24A,Low Shrub,Black Spruce Woodland,Sandy Loam,Mesic - Xeric,0,561.911133,287,21.070175,-149.692261,67.656
16,209-3-A-BENA,209-3,BENA,67,52,13,0,10,0,0,0,0,0,0,,,,0,0,1,0,711.058695,East,24A,Low Shrub,Black Spruce Woodland,Sandy Loam,Mesic - Xeric,0,553.430786,276,18.070417,-149.69261,67.656251
16,209-3-A-SAPU,209-3,SAPU,74,55,12,0,9,0,0,0,0,0,0,,,,0,0,1,0,711.058695,East,24A,Low Shrub,Black Spruce Woodland,Sandy Loam,Mesic - Xeric,0,553.430786,276,18.070417,-149.69261,67.656251
16,209-3-B-SAPU,209-3,SAPU,59,53,15,0,17,0,1,0,0,0.058823529,0,,Hare,,1,0,1,0,711.058695,East,24A,Low Shrub,Black Spruce Woodland,Sandy Loam,Mesic - Xeric,0,553.430786,276,18.070417,-149.69261,67.656251
16,209-3-D-BENA,209-3,BENA,84,39,10,0,8,0,0,0,0,0,0,,,,0,0,1,0,711.058695,East,24A,Low Shrub,Black Spruce Woodland,Sandy Loam,Mesic - Xeric,0,553.430786,276,18.070417,-149.69261,67.656251
16,209-4-A-SAPU,209-4,SAPU,62,59,8,0,9,0,0,0,0,0,0,,,,0,0,0,0,738.024448,East,24A,Low Shrub,Black Spruce Woodland,Sandy Loam,Mesic - Xeric,0,561.090881,296,18.584587,-149.691928,67.656444
16,209-4-B-SAPU,209-4,SAPU,67,54,11,11,16,0,0,2,0,0,0.125,,,Ptarmagin,1,0,0,0,738.024448,East,24A,Low Shrub,Black Spruce Woodland,Sandy Loam,Mesic - Xeric,0,561.090881,296,18.584587,-149.691928,67.656444
16,209-4-C-BENA,209-4,BENA,57,38,10,0,7,0,0,0,0,0,0,,,,0,0,0,0,738.024448,East,24A,Low Shrub,Black Spruce Woodland,Sandy Loam,Mesic - Xeric,0,561.090881,296,18.584587,-149.691928,67.656444
16,209-4-D-BENA,209-4,BENA,71,50,9,0,8,0,0,0,0,0,0,,,,0,0,0,0,738.024448,East,24A,Low Shrub,Black Spruce Woodland,Sandy Loam,Mesic - Xeric,0,561.090881,296,18.584587,-149.691928,67.656444
17,222-1-A-SAGL,222-1,SAGL,78,49,13,0,27,1,11,0,0.037037037,0.407407407,0,Moose,Hare,,1,2,18,0,769.468544,East,24A,Low Shrub,Tall Shrub,Clay Loam,Mesic,0,669.484009,287,15.029548,-149.809491,67.826198
17,222-1-B-BENA,222-1,BENA,63,58,19,0,9,0,2,0,0,0.222222222,0,,Hare,,1,2,18,0,769.468544,East,24A,Low Shrub,Tall Shrub,Clay Loam,Mesic,0,669.484009,287,15.029548,-149.809491,67.826198
17,222-1-C-SAGL,222-1,SAGL,74,60,14,0,25,0,7,0,0,0.28,0,,Hare,,1,2,18,0,769.468544,East,24A,Low Shrub,Tall Shrub,Clay Loam,Mesic,0,669.484009,287,15.029548,-149.809491,67.826198
17,222-1-D-BENA,222-1,BENA,78,38,9,0,9,0,2,0,0,0.222222222,0,,Hare,,1,2,18,0,769.468544,East,24A,Low Shrub,Tall Shrub,Clay Loam,Mesic,0,669.484009,287,15.029548,-149.809491,67.826198
17,222-2-A-BENA,222-2,BENA,81,59,12,0,9,0,0,0,0,0,0,,,,0,3,13,0,794.735172,East,24A,Low Shrub,Tall Shrub,Clay Loam,Mesic,0,676.198608,282,15.59229,-149.808768,67.826375
17,222-2-B-SAGL,222-2,SAGL,106,74,19,0,21,0,10,0,0,0.476190476,0,,Hare,,1,3,13,0,794.735172,East,24A,Low Shrub,Tall Shrub,Clay Loam,Mesic,0,676.198608,282,15.59229,-149.808768,67.826375
17,222-2-C-SAGL,222-2,SAGL,67,53,14,0,18,0,8,0,0,0.444444444,0,,Hare,,1,3,13,0,794.735172,East,24A,Low Shrub,Tall Shrub,Clay Loam,Mesic,0,676.198608,282,15.59229,-149.808768,67.826375
17,222-2-D-BENA,222-2,BENA,62,59,8,0,6,0,1,0,0,0.166666667,0,,Hare,,1,3,13,0,794.735172,East,24A,Low Shrub,Tall Shrub,Clay Loam,Mesic,0,676.198608,282,15.59229,-149.808768,67.826375
17,222-3-A-BENA,222-3,BENA,126,65,16,0,21,0,3,0,0,0.142857143,0,,Hare,,1,2,11,1,778.440723,East,24A,Low Shrub,Low Shrub,Clay Loam,Mesic,0,672.469177,278,13.422374,-149.809021,67.826615
17,222-3-B-BENA,222-3,BENA,70,62,8,0,8,0,0,0,0,0,0,,,,0,2,11,1,778.440723,East,24A,Low Shrub,Low Shrub,Clay Loam,Mesic,0,672.469177,278,13.422374,-149.809021,67.826615
17,222-3-B-SAGL,222-3,SAGL,90,74,14,0,22,0,5,0,0,0.227272727,0,,Hare,,1,2,11,1,778.440723,East,24A,Low Shrub,Low Shrub,Clay Loam,Mesic,0,672.469177,278,13.422374,-149.809021,67.826615
17,222-3-D-SAGL,222-3,SAGL,89,75,11,0,18,1,6,0,0.055555556,0.333333333,0,Moose,Hare,,1,2,11,1,778.440723,East,24A,Low Shrub,Low Shrub,Clay Loam,Mesic,0,672.469177,278,13.422374,-149.809021,67.826615
17,222-4-A-SAGL,222-4,SAGL,84,77,12,0,11,0,2,0,0,0.181818182,0,,Hare,,1,0,15,0,805.061274,East,24A,Low Shrub,Low Shrub,Clay Loam,Mesic,0,678.755371,278,16.631924,-149.808355,67.826658
17,222-4-C-BENA,222-4,BENA,92,74,9,12,11,0,1,0,0,0.090909091,0,,Hare,,1,0,15,0,805.061274,East,24A,Low Shrub,Low Shrub,Clay Loam,Mesic,0,678.755371,278,16.631924,-149.808355,67.826658
17,222-4-C-SAGL,222-4,SAGL,71,66,12,8,15,1,4,0,0.066666667,0.266666667,0,Moose,Hare,,1,0,15,0,805.061274,East,24A,Low Shrub,Low Shrub,Clay Loam,Mesic,0,678.755371,278,16.631924,-149.808355,67.826658
17,222-4-D-BENA,222-4,BENA,107,70,8,0,14,0,0,0,0,0,0,,,,0,0,15,0,805.061274,East,24A,Low Shrub,Low Shrub,Clay Loam,Mesic,0,678.755371,278,16.631924,-149.808355,67.826658
18,235-1-A-BENA,235-1,BENA,59,29,10,0,18,0,0,0,0,0,0,,,,0,0,5,0,477.732622,East,24A,Low Shrub,Low Shrub,Sandy Gravel,Mesic,0,813.776917,295,20.303024,-149.727576,68.004859
18,235-1-B-BENA,235-1,BENA,42,18,10,0,10,0,1,0,0,0.1,0,,Hare,,1,0,5,0,477.732622,East,24A,Low Shrub,Low Shrub,Sandy Gravel,Mesic,0,813.776917,295,20.303024,-149.727576,68.004859
18,235-1-C-SAPU,235-1,SAPU,53,45,12,20,23,0,3,5,0,0.130434783,0.217391304,,Hare,Ptarmagin,1,0,5,0,477.732622,East,24A,Low Shrub,Low Shrub,Sandy Gravel,Mesic,0,813.776917,295,20.303024,-149.727576,68.004859
18,235-1-D-SAPU,235-1,SAPU,57,50,12,0,12,0,1,3,0,0.083333333,0.25,,Hare,Ptarmagin,1,0,5,0,477.732622,East,24A,Low Shrub,Low Shrub,Sandy Gravel,Mesic,0,813.776917,295,20.303024,-149.727576,68.004859
18,235-2-A-BENA,235-2,BENA,71,49,9,0,16,0,0,0,0,0,0,,,,0,0,0,0,510.631222,East,24A,Dwarf Shrub-Lichen,Low Shrub,Sandy Gravel,Mesic,0,828.022217,289,26.243103,-149.726481,68.004961
18,235-2-B-BENA,235-2,BENA,54,38,8,0,9,0,0,0,0,0,0,,,,,0,0,0,510.631222,East,24A,Dwarf Shrub-Lichen,Low Shrub,Sandy Gravel,Mesic,0,828.022217,289,26.243103,-149.726481,68.004961
18,235-2-B-SAPU,235-2,SAPU,50,47,10,6,17,0,0,3,0,0,0.176470588,,,Ptarmagin,1,0,0,0,510.631222,East,24A,Dwarf Shrub-Lichen,Low Shrub,Sandy Gravel,Mesic,0,828.022217,289,26.243103,-149.726481,68.004961
18,235-2-C-BENA,235-2,BENA,58,33,8,0,9,0,2,0,0,0.222222222,0,,Hare,,1,0,0,0,510.631222,East,24A,Dwarf Shrub-Lichen,Low Shrub,Sandy Gravel,Mesic,0,828.022217,289,26.243103,-149.726481,68.004961
18,235-2-C-SAPU,235-2,SAPU,57,49,11,12,16,0,1,1,0,0.0625,0.0625,,Hare,Ptarmagin,1,0,0,0,510.631222,East,24A,Dwarf Shrub-Lichen,Low Shrub,Sandy Gravel,Mesic,0,828.022217,289,26.243103,-149.726481,68.004961
18,235-3-B-BENA,235-3,BENA,59,31,10,0,15,0,0,0,0,0,0,,,,0,0,1,0,482.982181,East,24A,Dwarf Shrub-Lichen,Low Shrub,Sandy Gravel,Mesic,0,817.546387,298,18.704132,-149.726784,68.005244
18,235-3-B-SAPU,235-3,SAPU,47,41,14,0,11,0,1,4,0,0.090909091,0.363636364,,Hare,Ptarmagin,1,0,1,0,482.982181,East,24A,Dwarf Shrub-Lichen,Low Shrub,Sandy Gravel,Mesic,0,817.546387,298,18.704132,-149.726784,68.005244
18,235-3-C-BENA,235-3,BENA,57,42,7,0,11,0,0,0,0,0,0,,,,0,0,1,0,482.982181,East,24A,Dwarf Shrub-Lichen,Low Shrub,Sandy Gravel,Mesic,0,817.546387,298,18.704132,-149.726784,68.005244
18,235-3-D-SAPU,235-3,SAPU,71,62,14,11,23,0,6,0,0,0.260869565,0,,Hare,,1,0,1,0,482.982181,East,24A,Dwarf Shrub-Lichen,Low Shrub,Sandy Gravel,Mesic,0,817.546387,298,18.704132,-149.726784,68.005244
18,235-4-A-BENA,235-4,BENA,45,36,11,0,13,0,0,0,0,0,0,,,,0,0,0,0,503.848767,East,24A,Low Shrub,Low Shrub,Sandy Gravel,Mesic,0,825.290771,293,20.728168,-149.726015,68.005351
18,235-4-A-SAPU,235-4,SAPU,57,38,9,0,10,0,3,0,0,0.3,0,,Hare,,1,0,0,0,503.848767,East,24A,Low Shrub,Low Shrub,Sandy Gravel,Mesic,0,825.290771,293,20.728168,-149.726015,68.005351
18,235-4-C-BENA,235-4,BENA,61,45,11,0,10,0,0,0,0,0,0,,,,0,0,0,0,503.848767,East,24A,Low Shrub,Low Shrub,Sandy Gravel,Mesic,0,825.290771,293,20.728168,-149.726015,68.005351
18,235-4-C-SAPU,235-4,SAPU,41,39,10,0,15,0,0,0,0,0,0,,,,0,0,0,0,503.848767,East,24A,Low Shrub,Low Shrub,Sandy Gravel,Mesic,0,825.290771,293,20.728168,-149.726015,68.005351
19,240-1-B-SAPU,240-1,SAPU,58,47,12,0,24,0,1,9,0,0.041666667,0.375,,Hare,Ptarmagin,1,0,1,0,395.986648,West,24A,Low Shrub,Low Shrub,Sandy Loam,Mesic,0,1043.032227,75,23.365055,-149.606437,68.069578
19,240-1-C-BENA,240-1,BENA,52,36,9,0,17,0,0,0,0,0,0,,,,0,0,1,0,395.986648,West,24A,Low Shrub,Low Shrub,Sandy Loam,Mesic,0,1043.032227,75,23.365055,-149.606437,68.069578
19,240-1-D-BENA,240-1,BENA,70,38,7,0,13,0,0,0,0,0,0,,,,0,0,1,0,395.986648,West,24A,Low Shrub,Low Shrub,Sandy Loam,Mesic,0,1043.032227,75,23.365055,-149.606437,68.069578
19,240-1-D-SAPU,240-1,SAPU,115,81,18,0,57,3,0,19,0.052631579,0,0.333333333,Moose,,Ptarmagin,1,0,1,0,395.986648,West,24A,Low Shrub,Low Shrub,Sandy Loam,Mesic,0,1043.032227,75,23.365055,-149.606437,68.069578
19,240-2-A-BENA,240-2,BENA,90,57,9,0,23,0,0,2,0,0,0.086956522,,,Ptarmagin,1,0,0,0,426.292991,West,24A,Tussock Tundra (Low shrub or Herbaceous),Low Shrub,Sandy Loam,Mesic,0,1048.270996,87,24.096361,-149.606886,68.069926
19,240-2-A-SAPU,240-2,SAPU,59,51,16,0,29,0,0,11,0,0,0.379310345,,,Ptarmagin,1,0,0,0,426.292991,West,24A,Tussock Tundra (Low shrub or Herbaceous),Low Shrub,Sandy Loam,Mesic,0,1048.270996,87,24.096361,-149.606886,68.069926
19,240-2-C-SAPU,240-2,SAPU,79,51,12,0,22,0,2,3,0,0.090909091,0.136363636,,Hare,Ptarmagin,1,0,0,0,426.292991,West,24A,Tussock Tundra (Low shrub or Herbaceous),Low Shrub,Sandy Loam,Mesic,0,1048.270996,87,24.096361,-149.606886,68.069926
19,240-2-D-BENA,240-2,BENA,84,31,8,0,10,0,0,0,0,0,0,,,,0,0,0,0,426.292991,West,24A,Tussock Tundra (Low shrub or Herbaceous),Low Shrub,Sandy Loam,Mesic,0,1048.270996,87,24.096361,-149.606886,68.069926
19,240-3-A-BENA,240-3,BENA,66,43,8,0,18,0,0,0,0,0,0,,,,0,0,1,3,399.798137,West,24A,Low Shrub,Low Shrub,Sandy Loam,Mesic,0,1034.808228,93,20.584356,-149.606025,68.07014
19,240-3-B-SAPU,240-3,SAPU,122,81,25,0,57,1,3,7,0.01754386,0.052631579,0.122807018,Moose,Hare,Ptarmagin,1,0,1,3,399.798137,West,24A,Low Shrub,Low Shrub,Sandy Loam,Mesic,0,1034.808228,93,20.584356,-149.606025,68.07014
19,240-3-D-BENA,240-3,BENA,97,46,12,0,13,0,0,2,0,0,0.153846154,,,Ptarmagin,1,0,1,3,399.798137,West,24A,Low Shrub,Low Shrub,Sandy Loam,Mesic,0,1034.808228,93,20.584356,-149.606025,68.07014
19,240-3-D-SAPU,240-3,SAPU,167,110,47,0,149,7,11,21,0.046979866,0.073825503,0.140939597,Moose,Hare,Ptarmagin,1,0,1,3,399.798137,West,24A,Low Shrub,Low Shrub,Sandy Loam,Mesic,0,1034.808228,93,20.584356,-149.606025,68.07014
19,240-4-B-BENA,240-4,BENA,102,72,15,0,13,0,0,0,0,0,0,,,,0,0,2,0,431.079046,West,24A,Low Shrub,Low Shrub,Sandy Loam,Mesic,0,1046.807861,94,24.616484,-149.606605,68.070368
19,240-4-B-SAPU,240-4,SAPU,118,104,19,0,27,3,0,5,0.111111111,0,0.185185185,Moose,,Ptarmagin,1,0,2,0,431.079046,West,24A,Low Shrub,Low Shrub,Sandy Loam,Mesic,0,1046.807861,94,24.616484,-149.606605,68.070368
19,240-4-D-BENA,240-4,BENA,83,41,16,0,29,0,0,3,0,0,0.103448276,,,Ptarmagin,1,0,2,0,431.079046,West,24A,Low Shrub,Low Shrub,Sandy Loam,Mesic,0,1046.807861,94,24.616484,-149.606605,68.070368
19,240-4-D-SAPU,240-4,SAPU,77,61,11,0,15,0,1,2,0,0.066666667,0.133333333,,Hare,Ptarmagin,1,0,2,0,431.079046,West,24A,Low Shrub,Low Shrub,Sandy Loam,Mesic,0,1046.807861,94,24.616484,-149.606605,68.070368
20,255-1-A-BENA,255-1,BENA,71,26,15,0,17,0,0,0,0,0,0,,,,0,0,0,0,585.543915,East,26B,Low Shrub,Low Shrub,Sandy Gravel,Mesic - Xeric,0,991.483582,331,1.701594,-149.392735,68.222633
20,255-1-B-BENA,255-1,BENA,41,27,7,0,12,0,0,0,0,0,0,,,,0,0,0,0,585.543915,East,26B,Low Shrub,Low Shrub,Sandy Gravel,Mesic - Xeric,0,991.483582,331,1.701594,-149.392735,68.222633
20,255-1-C-SAGL,255-1,SAGL,69,56,17,0,31,0,0,20,0,0,0.64516129,,,Ptarmagin,1,0,0,0,585.543915,East,26B,Low Shrub,Low Shrub,Sandy Gravel,Mesic - Xeric,0,991.483582,331,1.701594,-149.392735,68.222633
20,255-1-D-SAGL,255-1,SAGL,42,37,10,0,21,0,0,8,0,0,0.380952381,,,Ptarmagin,1,0,0,0,585.543915,East,26B,Low Shrub,Low Shrub,Sandy Gravel,Mesic - Xeric,0,991.483582,331,1.701594,-149.392735,68.222633
20,255-2-A-SAPU,255-2,SAPU,51,48,12,0,26,0,0,5,0,0,0.192307692,,,Ptarmagin,1,0,1,1,631.079496,East,26B,Low Shrub,Low Shrub,Sandy Gravel,Mesic - Xeric,0,993.382141,286,2.676414,-149.39171,68.222788
20,255-2-C-BENA,255-2,BENA,65,27,8,0,20,0,0,0,0,0,0,,,,0,0,1,1,631.079496,East,26B,Low Shrub,Low Shrub,Sandy Gravel,Mesic - Xeric,0,993.382141,286,2.676414,-149.39171,68.222788
20,255-2-D-BENA,255-2,BENA,60,32,10,0,11,0,0,0,0,0,0,,,,0,0,1,1,631.079496,East,26B,Low Shrub,Low Shrub,Sandy Gravel,Mesic - Xeric,0,993.382141,286,2.676414,-149.39171,68.222788
20,255-2-D-SAPU,255-2,SAPU,71,55,12,0,22,0,1,5,0,0.045454545,0.227272727,,Hare,Ptarmagin,1,0,1,1,631.079496,East,26B,Low Shrub,Low Shrub,Sandy Gravel,Mesic - Xeric,0,993.382141,286,2.676414,-149.39171,68.222788
20,255-3-A-BENA,255-3,BENA,61,31,7,0,17,0,0,0,0,0,0,,,,0,0,1,0,600.399561,East,26B,Tussock Tundra (Low shrub or Herbaceous),Low Shrub,Sandy Gravel,Mesic - Xeric,0,990.277893,304,2.837043,-149.392647,68.223106
20,255-3-A-SAPU,255-3,SAPU,54,46,9,0,20,0,0,3,0,0,0.15,,,Ptarmagin,1,0,1,0,600.399561,East,26B,Tussock Tundra (Low shrub or Herbaceous),Low Shrub,Sandy Gravel,Mesic - Xeric,0,990.277893,304,2.837043,-149.392647,68.223106
20,255-3-C-SAPU,255-3,SAPU,48,42,12,0,11,0,0,3,0,0,0.272727273,,,Ptarmagin,1,0,1,0,600.399561,East,26B,Tussock Tundra (Low shrub or Herbaceous),Low Shrub,Sandy Gravel,Mesic - Xeric,0,990.277893,304,2.837043,-149.392647,68.223106
20,255-3-D-BENA,255-3,BENA,53,42,6,0,12,0,0,1,0,0,0.083333333,,,Ptarmagin,1,0,1,0,600.399561,East,26B,Tussock Tundra (Low shrub or Herbaceous),Low Shrub,Sandy Gravel,Mesic - Xeric,0,990.277893,304,2.837043,-149.392647,68.223106
20,255-4-A-SAPU,255-4,SAPU,72,61,14,0,18,0,2,3,0,0.111111111,0.166666667,,Hare,Ptarmagin,1,0,0,2,644.564014,East,26B,Low Shrub,Low Shrub,Sandy Gravel,Mesic - Xeric,0,993.003235,239,7.430982,-149.391619,68.223199
20,255-4-B-BENA,255-4,BENA,49,32,10,0,25,0,0,0,0,0,0,,,,0,0,0,2,644.564014,East,26B,Low Shrub,Low Shrub,Sandy Gravel,Mesic - Xeric,0,993.003235,239,7.430982,-149.391619,68.223199
20,255-4-D-BENA,255-4,BENA,56,29,5,0,12,0,0,0,0,0,0,,,,0,0,0,2,644.564014,East,26B,Low Shrub,Low Shrub,Sandy Gravel,Mesic - Xeric,0,993.003235,239,7.430982,-149.391619,68.223199
20,255-4-D-SAPU,255-4,SAPU,42,40,9,0,15,0,0,10,0,0,0.666666667,,,Ptarmagin,1,0,0,2,644.564014,East,26B,Low Shrub,Low Shrub,Sandy Gravel,Mesic - Xeric,0,993.003235,239,7.430982,-149.391619,68.223199
21,261-1-B-SAPU,261-1,SAPU,65,51,10,0,19,0,0,5,0,0,0.263157895,,,Ptarmagin,1,0,0,0,356.206777,East,26B,Dwarf Shrub,Low Shrub,Sandy Loam,Mesic,0,883.832947,287,13.943512,-149.352299,68.301689
21,261-1-C-BENA,261-1,BENA,52,23,10,0,13,0,0,0,0,0,0,,,,0,0,0,0,356.206777,East,26B,Dwarf Shrub,Low Shrub,Sandy Loam,Mesic,0,883.832947,287,13.943512,-149.352299,68.301689
21,261-1-C-SAPU,261-1,SAPU,69,41,17,0,31,0,0,3,0,0,0.096774194,,,Ptarmagin,1,0,0,0,356.206777,East,26B,Dwarf Shrub,Low Shrub,Sandy Loam,Mesic,0,883.832947,287,13.943512,-149.352299,68.301689
21,261-1-D-BENA,261-1,BENA,59,19,9,0,15,0,0,0,0,0,0,,,,0,0,0,0,356.206777,East,26B,Dwarf Shrub,Low Shrub,Sandy Loam,Mesic,0,883.832947,287,13.943512,-149.352299,68.301689
21,261-2-B-BENA,261-2,BENA,66,25,12,0,19,0,0,0,0,0,0,,,,0,0,0,1,388.99561,East,26B,Dwarf Shrub-Lichen,Low Shrub,Sandy Loam,Mesic,0,888.892761,295,13.025289,-149.351465,68.301786
21,261-2-C-BENA,261-2,BENA,37,18,8,0,13,0,0,0,0,0,0,,,,0,0,0,1,388.99561,East,26B,Dwarf Shrub-Lichen,Low Shrub,Sandy Loam,Mesic,0,888.892761,295,13.025289,-149.351465,68.301786
21,261-2-C-SAPU,261-2,SAPU,91,67,27,0,29,0,0,3,0,0,0.103448276,,,Ptarmagin,1,0,0,1,388.99561,East,26B,Dwarf Shrub-Lichen,Low Shrub,Sandy Loam,Mesic,0,888.892761,295,13.025289,-149.351465,68.301786
21,261-2-D-SAPU,261-2,SAPU,122,71,29,0,41,2,0,11,0.048780488,0,0.268292683,Moose,,Ptarmagin,1,0,0,1,388.99561,East,26B,Dwarf Shrub-Lichen,Low Shrub,Sandy Loam,Mesic,0,888.892761,295,13.025289,-149.351465,68.301786
21,261-3-A-BENA,261-3,BENA,70,41,11,0,15,0,0,0,0,0,0,,,,0,0,0,1,380.53651,East,26B,Tussock Tundra (Low shrub or Herbaceous),Low Shrub,Sandy Loam,Mesic,0,884.224731,295,11.657486,-149.351558,68.302088
21,261-3-A-SAPU,261-3,SAPU,41,18,7,0,8,0,0,0,0,0,0,,,,0,0,0,1,380.53651,East,26B,Tussock Tundra (Low shrub or Herbaceous),Low Shrub,Sandy Loam,Mesic,0,884.224731,295,11.657486,-149.351558,68.302088
21,261-3-D-BENA,261-3,BENA,74,41,14,0,26,0,0,0,0,0,0,,,,0,0,0,1,380.53651,East,26B,Tussock Tundra (Low shrub or Herbaceous),Low Shrub,Sandy Loam,Mesic,0,884.224731,295,11.657486,-149.351558,68.302088
21,261-3-D-SAPU,261-3,SAPU,41,23,8,0,10,0,0,0,0,0,0,,,,0,0,0,1,380.53651,East,26B,Tussock Tundra (Low shrub or Herbaceous),Low Shrub,Sandy Loam,Mesic,0,884.224731,295,11.657486,-149.351558,68.302088
21,261-4-A-BENA,261-4,BENA,45,23,13,0,13,0,0,0,0,0,0,,,,0,0,0,0,405.679111,East,26B,Low Shrub,Low Shrub,Sandy Loam,Mesic,0,886.626587,308,9.946874,-149.350886,68.302265
21,261-4-A-SAPU,261-4,SAPU,41,27,9,0,9,0,0,0,0,0,0,,,,0,0,0,0,405.679111,East,26B,Low Shrub,Low Shrub,Sandy Loam,Mesic,0,886.626587,308,9.946874,-149.350886,68.302265
21,261-4-B-BENA,261-4,BENA,71,30,12,0,13,0,0,0,0,0,0,,,,0,0,0,0,405.679111,East,26B,Low Shrub,Low Shrub,Sandy Loam,Mesic,0,886.626587,308,9.946874,-149.350886,68.302265
21,261-4-B-SAPU,261-4,SAPU,47,33,11,0,11,0,0,3,0,0,0.272727273,,,Ptarmagin,1,0,0,0,405.679111,East,26B,Low Shrub,Low Shrub,Sandy Loam,Mesic,0,886.626587,308,9.946874,-149.350886,68.302265
22,268-1-B-BENA,268-1,BENA,63,26,6,0,12,0,0,0,0,0,0,,,,0,0,1,2,212.091228,West,26B,Low Shrub,Low Shrub,Sandy Gravel,Mesic,0,818.738892,195,1.432166,-149.327109,68.400098
22,268-1-C-BENA,268-1,BENA,47,18,6,0,11,0,0,0,0,0,0,,,,0,0,1,2,212.091228,West,26B,Low Shrub,Low Shrub,Sandy Gravel,Mesic,0,818.738892,195,1.432166,-149.327109,68.400098
22,268-1-C-SAPU,268-1,SAPU,61,49,10,0,21,0,0,5,0,0,0.238095238,,,Ptarmagin,1,0,1,2,212.091228,West,26B,Low Shrub,Low Shrub,Sandy Gravel,Mesic,0,818.738892,195,1.432166,-149.327109,68.400098
22,268-1-D-SAPU,268-1,SAPU,75,52,13,0,37,0,0,6,0,0,0.162162162,,,Ptarmagin,1,0,1,2,212.091228,West,26B,Low Shrub,Low Shrub,Sandy Gravel,Mesic,0,818.738892,195,1.432166,-149.327109,68.400098
22,268-2-A-BENA,268-2,BENA,60,23,9,0,24,0,0,0,0,0,0,,,,0,0,0,4,184.615387,West,26B,Low Shrub,Low Shrub,Sandy Gravel,Mesic,0,819.441162,203,1.359031,-149.326454,68.400307
22,268-2-A-SAPU,268-2,SAPU,54,44,12,17,24,0,0,12,0,0,0.5,,,Ptarmagin,1,0,0,4,184.615387,West,26B,Low Shrub,Low Shrub,Sandy Gravel,Mesic,0,819.441162,203,1.359031,-149.326454,68.400307
22,268-2-B-SAPU,268-2,SAPU,54,46,9,0,18,0,0,6,0,0,0.333333333,,,Ptarmagin,1,0,0,4,184.615387,West,26B,Low Shrub,Low Shrub,Sandy Gravel,Mesic,0,819.441162,203,1.359031,-149.326454,68.400307
22,268-3-B-SAPU,268-3,SAPU,106,41,14,0,42,0,0,4,0,0,0.095238095,,,Ptarmagin,1,0,0,0,206.549982,West,26B,Low Shrub,Low Shrub,Sandy Gravel,Mesic,0,819.661011,150,1.610195,-149.326989,68.400547
22,268-3-C-BENA,268-3,BENA,50,27,5,0,11,0,0,0,0,0,0,,,,0,0,0,0,206.549982,West,26B,Low Shrub,Low Shrub,Sandy Gravel,Mesic,0,819.661011,150,1.610195,-149.326989,68.400547
22,268-3-D-SAPU,268-3,SAPU,54,49,10,0,24,0,1,12,0,0.041666667,0.5,,Hare,Ptarmagin,1,0,0,0,206.549982,West,26B,Low Shrub,Low Shrub,Sandy Gravel,Mesic,0,819.661011,150,1.610195,-149.326989,68.400547
22,268-4-C-BENA,268-4,BENA,58,32,8,0,18,0,0,0,0,0,0,,,,0,0,0,5,171.881056,West,26B,Dwarf Shrub-Lichen,Low Shrub,Sandy Gravel,Mesic,0,820.486511,188,1.085947,-149.326166,68.400831
22,268-4-C-SAPU,268-4,SAPU,81,62,16,0,39,3,0,11,0.076923077,0,0.282051282,Moose,,Ptarmagin,1,0,0,5,171.881056,West,26B,Dwarf Shrub-Lichen,Low Shrub,Sandy Gravel,Mesic,0,820.486511,188,1.085947,-149.326166,68.400831
22,268-4-D-BENA,268-4,BENA,57,23,7,0,15,0,0,0,0,0,0,,,,0,0,0,5,171.881056,West,26B,Dwarf Shrub-Lichen,Low Shrub,Sandy Gravel,Mesic,0,820.486511,188,1.085947,-149.326166,68.400831
22,268-4-D-SAPU,268-4,SAPU,53,49,15,0,33,0,0,13,0,0,0.393939394,,,Ptarmagin,1,0,0,5,171.881056,West,26B,Dwarf Shrub-Lichen,Low Shrub,Sandy Gravel,Mesic,0,820.486511,188,1.085947,-149.326166,68.400831
23,282-1-B-BENA,282-1,BENA,41,18,8,0,9,0,0,0,0,0,0,,,,0,0,0,0,577.316923,West,26B,Tussock Tundra (Low shrub or Herbaceous),Tussock Tundra,Clay Loam,Mesic,0,826.622314,26,2.82316,-149.530032,68.582817
23,282-1-C-SAPU,282-1,SAPU,44,23,8,0,8,0,0,0,0,0,0,,,,0,0,0,0,577.316923,West,26B,Tussock Tundra (Low shrub or Herbaceous),Tussock Tundra,Clay Loam,Mesic,0,826.622314,26,2.82316,-149.530032,68.582817
23,282-1-D-BENA,282-1,BENA,74,20,11,0,15,0,0,0,0,0,0,,,,0,0,0,0,577.316923,West,26B,Tussock Tundra (Low shrub or Herbaceous),Tussock Tundra,Clay Loam,Mesic,0,826.622314,26,2.82316,-149.530032,68.582817
23,282-1-D-SAPU,282-1,SAPU,49,22,10,0,8,0,0,0,0,0,0,,,,0,0,0,0,577.316923,West,26B,Tussock Tundra (Low shrub or Herbaceous),Tussock Tundra,Clay Loam,Mesic,0,826.622314,26,2.82316,-149.530032,68.582817
23,282-2-A-BENA,282-2,BENA,44,16,6,0,7,0,0,0,0,0,0,,,,0,0,0,0,604.079816,West,26B,Low Shrub,Low Shrub-Tussock Tundra,Clay Loam,Mesic,0,826.41803,354,3.355184,-149.530916,68.583004
23,282-2-B-BENA,282-2,BENA,27,18,6,0,5,0,0,0,0,0,0,,,,0,0,0,0,604.079816,West,26B,Low Shrub,Low Shrub-Tussock Tundra,Clay Loam,Mesic,0,826.41803,354,3.355184,-149.530916,68.583004
23,282-2-B-SAPU,282-2,SAPU,68,29,11,0,18,0,0,0,0,0,0,,,,0,0,0,0,604.079816,West,26B,Low Shrub,Low Shrub-Tussock Tundra,Clay Loam,Mesic,0,826.41803,354,3.355184,-149.530916,68.583004
23,282-2-D-SAPU,282-2,SAPU,41,22,7,0,4,0,0,0,0,0,0,,,,0,0,0,0,604.079816,West,26B,Low Shrub,Low Shrub-Tussock Tundra,Clay Loam,Mesic,0,826.41803,354,3.355184,-149.530916,68.583004
23,282-3-A-SAPU,282-3,SAPU,37,21,9,0,9,0,0,0,0,0,0,,,,0,0,0,0,571.732475,West,26B,Low Shrub,Low Shrub-Tussock Tundra,Clay Loam,Mesic,0,823.876221,27,3.830761,-149.53038,68.583298
23,282-3-B-BENA,282-3,BENA,31,18,7,0,8,0,0,0,0,0,0,,,,0,0,0,0,571.732475,West,26B,Low Shrub,Low Shrub-Tussock Tundra,Clay Loam,Mesic,0,823.876221,27,3.830761,-149.53038,68.583298
23,282-3-D-BENA,282-3,BENA,82,20,10,0,18,0,0,0,0,0,0,,,,0,0,0,0,571.732475,West,26B,Low Shrub,Low Shrub-Tussock Tundra,Clay Loam,Mesic,0,823.876221,27,3.830761,-149.53038,68.583298
23,282-3-D-SAPU,282-3,SAPU,49,26,10,0,9,0,0,0,0,0,0,,,,0,0,0,0,571.732475,West,26B,Low Shrub,Low Shrub-Tussock Tundra,Clay Loam,Mesic,0,823.876221,27,3.830761,-149.53038,68.583298
23,282-4-A-BENA,282-4,BENA,52,15,7,0,6,0,0,0,0,0,0,,,,0,0,0,0,597.547448,West,26B,Tussock Tundra (Low shrub or Herbaceous),Low Shrub-Tussock Tundra,Clay Loam,Mesic,0,823.620117,358,4.137664,-149.531178,68.583423
23,282-4-C-BENA,282-4,BENA,38,12,6,0,9,0,0,0,0,0,0,,,,0,0,0,0,597.547448,West,26B,Tussock Tundra (Low shrub or Herbaceous),Low Shrub-Tussock Tundra,Clay Loam,Mesic,0,823.620117,358,4.137664,-149.531178,68.583423
23,282-4-C-SAPU,282-4,SAPU,45,23,12,0,10,0,0,0,0,0,0,,,,0,0,0,0,597.547448,West,26B,Tussock Tundra (Low shrub or Herbaceous),Low Shrub-Tussock Tundra,Clay Loam,Mesic,0,823.620117,358,4.137664,-149.531178,68.583423
23,282-4-D-SAPU,282-4,SAPU,59,31,18,0,12,0,0,0,0,0,0,,,,0,0,0,0,597.547448,West,26B,Tussock Tundra (Low shrub or Herbaceous),Low Shrub-Tussock Tundra,Clay Loam,Mesic,0,823.620117,358,4.137664,-149.531178,68.583423